temp,wind,humidity,barometer,day_power,sky_cover
0.312051806,0.234784492,0.778769153,0.638519724,0.058823529,2
0.36993865,0.412923562,0.725909979,0.424438896,0.058823529,3
0.352760736,0.572186969,0.709643982,0.296312646,0.058823529,5
0.348519605,0.334604628,0.75111326,0.118489072,0.029411765,3
0.348466258,0.313383933,0.735478212,0.160240582,0.029411765,6
0.332578081,0.3476874,0.752320478,0.215842468,0.147058824,6
0.301158828,0.35260992,0.614209713,0.34217765,0.058823529,4
0.332515337,0.357181369,0.743770681,0.28174532,0.058823529,3
0.333086524,0.448925635,0.716671684,0.123578718,0.088235294,6
0.32392638,0.594085687,0.670733166,0.228111076,0.058823529,5
0.26754163,0.515956558,0.733762765,0.443617631,0.029411765,6
0.249023982,0.414673046,0.627458655,0.6708118,0.117647059,5
0.155064758,0.129434698,0.62253762,0.714939326,0.147058824,4
0.053374233,0.110323089,0.646972053,0.586169318,0.147058824,2
0.171040156,0.177919546,0.577718339,0.609984186,0.088235294,6
0.250218132,0.2810483,0.764112037,0.729462508,0.029411765,7
0.445150617,0.426396829,0.613180421,0.662701716,0.117647059,4
0.396472393,0.624963081,0.609970051,0.61965059,0.058823529,3
0.412961004,0.70704219,0.708401211,0.520462231,0.029411765,3
0.351779141,0.51444661,0.652184968,0.573856985,0.088235294,6
0.317864446,0.475633528,0.727231306,0.66924564,0.058823529,6
0.416844492,0.373251971,0.747854514,0.649239216,0.029411765,3
0.424910672,0.647858964,0.545371783,0.346406928,0.176470588,5
0.398159509,0.990917009,0.576007655,0.17613221,0.058823529,6
0.295376328,0.545999144,0.72007569,0.143331502,0.088235294,3
0.282006337,0.34145192,0.722783655,0.295108404,0.176470588,4
0.250733529,0.285108908,0.671925728,0.286610692,0.294117647,4
0.173619632,0.259632533,0.774070087,0.126470872,0.088235294,3
0.212092706,0.250032489,0.790761339,0.162712613,0.117647059,3
0.242944785,0.402306001,0.554319659,0.589976687,0.117647059,5
0.145122362,0.064863012,0.62526478,0.737985663,0.294117647,4
0.205044308,0.234784492,0.643190829,0.529941648,0.264705882,6
0.37943391,0.615984405,0.707860811,0.516974521,0.058823529,6
0.283827334,0.248667183,0.685227695,0.51809938,0.147058824,5
0.233717003,0.350734124,0.537829818,0.550950773,0.088235294,6
0.326580421,0.635647089,0.654654374,0.283227963,0.205882353,6
0.267839127,0.26943903,0.643190829,0.328691838,0.323529412,5
0.251645287,0.306220096,0.734434405,0.216726591,0.147058824,6
0.203122018,0.02962963,0.709480968,0.245702225,0.205882353,4
0.273299547,0.377998135,0.721132796,0.312995976,0.235294118,5
0.247058003,0.14354067,0.697129168,0.459152923,0.235294118,3
0.30059816,0.568421053,0.4292469,0.370705329,0.205882353,4
0.296485023,0.189978214,0.553798096,0.66004007,0.294117647,5
0.274246762,0.260775395,0.572903294,0.800176574,0.5,2
0.267839127,0.400433182,0.473301528,0.802769999,0.529411765,4
0.301626801,0.372078761,0.554903787,0.739805127,0.352941176,5
0.319058416,0.270870413,0.442184123,0.741925984,0.470588235,2
0.308331009,0.21655148,0.657268777,0.674878762,0.147058824,3
0.345411554,0.234567901,0.615562998,0.647618325,0.205882353,6
0.376648773,0.322612086,0.654990432,0.570342353,0.294117647,5
0.384458078,0.290231752,0.595888317,0.530979018,0.294117647,3
0.361390593,0.423305177,0.711479665,0.518184786,0.294117647,6
0.41494958,0.53317201,0.557981983,0.451423459,0.411764706,3
0.410554287,0.501019992,0.494646147,0.428496497,0.352941176,5
0.448898494,0.194222931,0.554210929,0.54668103,0.264705882,5
0.608655642,0.299347402,0.494324062,0.435450758,0.5,4
0.53212493,0.312599681,0.578399713,0.38683172,0.323529412,5
0.46200502,0.213361687,0.671747979,0.417952824,0.235294118,5
0.387440942,0.484775156,0.627764099,0.446594322,0.235294118,6
0.373565099,0.162009963,0.627201247,0.485334731,0.441176471,4
0.437879869,0.271091165,0.49926523,0.437724266,0.588235294,5
0.525053503,0.346162564,0.397122484,0.435010216,0.352941176,4
0.431174205,0.1416202,0.579968458,0.444418922,0.382352941,4
0.465420426,0.293819516,0.593830835,0.412535755,0.5,4
0.425139107,0.503558638,0.575785138,0.331876323,0.294117647,6
0.365235174,0.350877193,0.515583501,0.508082777,0.705882353,5
0.419800976,0.323494651,0.435756438,0.713196762,0.676470588,5
0.505974292,0.313747331,0.353546227,0.66961613,0.676470588,2
0.406460197,0.420582916,0.454594842,0.587184483,0.441176471,5
0.302409098,0.425807065,0.586260445,0.560050684,0.647058824,5
0.303096019,0.374450338,0.71732082,0.440438316,0.205882353,6
0.293149284,0.650886475,0.588036291,0.346919913,0.441176471,5
0.313825082,0.580443356,0.647598809,0.425239637,0.382352941,5
0.312372188,0.156811783,0.596304713,0.528644935,0.470588235,5
0.374205862,0.391423002,0.560577992,0.507465295,0.352941176,4
0.39202454,0.25764174,0.521149783,0.602557559,0.382352941,5
0.419978661,0.284430884,0.392325306,0.728395069,0.794117647,4
0.460482495,0.23960486,0.405673914,0.701185721,0.676470588,4
0.522699387,0.256978143,0.242395248,0.656522879,0.823529412,4
0.628949387,0.228719948,0.334496139,0.50465575,0.735294118,4
0.694427403,0.122807018,0.288900849,0.451814708,0.558823529,4
0.727607362,0.343245821,0.211776901,0.452911396,0.794117647,4
0.722699387,0.398324416,0.254833951,0.467147646,0.558823529,4
0.650575153,0.245614035,0.699883055,0.436902512,0.323529412,6
0.695628834,0.180636777,0.505946923,0.363962423,0.588235294,4
0.71184816,0.257309942,0.348549482,0.298154254,0.617647059,2
0.665593047,0.362573099,0.392270994,0.368176739,0.735294118,4
0.425907464,0.545159194,0.408510412,0.544529666,0.617647059,5
0.417791411,0.417568745,0.478092732,0.634009739,0.411764706,5
0.444785276,0.185973207,0.403460511,0.63169221,0.470588235,4
0.519619121,0.184535413,0.468783638,0.573381523,0.382352941,5
0.566474949,0.305393112,0.459102447,0.436578334,0.411764706,5
0.550255624,0.188434048,0.470969714,0.471265398,0.647058824,5
0.572926114,0.374608018,0.591434698,0.562979632,0.470588235,5
0.672801636,0.348927875,0.505634626,0.514381096,0.588235294,4
0.603118609,0.200779727,0.757033316,0.413885862,0.176470588,3
0.496791922,0.564002599,0.713311805,0.514705274,0.264705882,5
0.491986196,0.391163093,0.534678202,0.58991461,0.441176471,3
0.494989775,0.087719298,0.579961195,0.55263412,0.588235294,5
0.596510736,0.109811566,0.52406012,0.551985764,0.676470588,4
0.645168712,0.22417154,0.598698986,0.539342815,0.647058824,5
0.64939984,0.1352657,0.607076679,0.512238701,0.558823529,4
0.637960123,0.255360624,0.703630613,0.429770592,0.264705882,5
0.561949557,0.444097899,0.813746362,0.399233008,0.058823529,7
0.603118609,0.317738791,0.76827599,0.528969113,0.147058824,7
0.578527607,0.422213927,0.755252561,0.502572733,0.176470588,7
0.573082822,0.237166992,0.747039828,0.514056917,0.382352941,3
0.592305726,0.252761533,0.76827599,0.530590004,0.441176471,6
0.683013804,0.135802469,0.633363899,0.578892552,0.441176471,5
0.732272495,0.176738142,0.516877301,0.622008249,0.617647059,4
0.771919734,0.222871995,0.517189597,0.631409416,0.617647059,4
0.691423824,0.294996751,0.506259219,0.639838049,0.970588235,4
0.61993865,0.289798571,0.411633377,0.623953318,0.911764706,2
0.636157975,0.074723847,0.428497389,0.528320757,0.588235294,4
0.6637909,0.181936322,0.5705923,0.470617042,0.5,4
0.666193763,0.159194282,0.613064625,0.438199225,0.382352941,5
0.607924335,0.30994152,0.705816689,0.338352347,0.264705882,4
0.607924335,0.361273554,0.588393201,0.291022334,0.558823529,5
0.576086401,0.178687459,0.623682707,0.289725621,0.470588235,5
0.564072086,0.082521118,0.632427009,0.338676525,0.264705882,4
0.597111452,0.138401559,0.643357387,0.40707812,0.5,4
0.568877812,0.395061728,0.687703491,0.561062753,0.352941176,5
0.5875,0.237816764,0.522498638,0.678415252,0.617647059,5
0.606722904,0.413905133,0.708315061,0.575326592,0.205882353,6
0.649974438,0.233918129,0.752348868,0.585376116,0.205882353,6
0.734675358,0.191682911,0.615875294,0.634002842,0.647058824,4
0.8049591,0.196881092,0.658972212,0.569815563,0.588235294,4
0.733128834,0.245696985,0.598333533,0.580044419,0.735294118,4
0.605521472,0.209226771,0.606506399,0.566249603,0.352941176,5
0.565874233,0.256660169,0.69676009,0.576299127,0.470588235,4
0.596510736,0.328135153,0.685517416,0.584079403,0.352941176,3
0.657183027,0.245614035,0.545920876,0.55263412,0.588235294,5
0.614532209,0.384015595,0.57152919,0.483908347,0.470588235,4
0.634956544,0.343079922,0.677710003,0.48520506,0.294117647,6
0.644567996,0.359324237,0.712062619,0.48877102,0.323529412,6
0.591104294,0.502923977,0.472843493,0.526375688,0.705882353,5
0.609125767,0.325536062,0.489395208,0.60774441,0.676470588,5
0.649974438,0.102664068,0.527183085,0.605475162,0.705882353,5
0.632389849,0.417508418,0.580443836,0.561534285,0.470588235,6
0.629550102,0.192982456,0.484398464,0.63789298,0.823529412,4
0.657183027,0.099415205,0.497514917,0.627519278,0.588235294,4
0.708844581,0.350877193,0.470345121,0.560738574,0.411764706,4
0.737678937,0.311890838,0.480338609,0.597370708,0.588235294,5
0.783934049,0.30474334,0.457540964,0.482611635,0.647058824,4
0.70043456,0.523716699,0.441926139,0.466402726,1,5
0.628348671,0.235217674,0.594951428,0.502386503,0.264705882,4
0.570652019,0.307720205,0.602279502,0.53271601,0.294117647,5
0.596118965,0.316976015,0.524630401,0.634016936,0.823529412,5
0.628949387,0.213775179,0.501574772,0.704349505,0.588235294,4
0.711247444,0.25141867,0.534594923,0.687621912,0.617647059,5
0.754819359,0.271518302,0.560577992,0.647856056,0.558823529,4
0.789012828,0.114832536,0.468017092,0.639690695,0.647058824,4
0.856019939,0.139051332,0.377593058,0.607420231,0.647058824,4
0.895667178,0.281351527,0.37915454,0.501738147,0.647058824,4
0.78093047,0.268356075,0.503760847,0.539342815,0.617647059,4
0.753297546,0.205977908,0.630865526,0.567222138,0.529411765,5
0.759304703,0.291747888,0.688952677,0.598343243,0.470588235,3
0.749693252,0.177387914,0.553728289,0.613579617,0.647058824,4
0.735276074,0.26445744,0.591516166,0.605799341,0.558823529,4
0.695628834,0.104613385,0.524684713,0.626870922,0.382352941,5
0.681211656,0.340480832,0.600260469,0.580513443,0.5,5
0.715452454,0.296946069,0.553415992,0.53674939,0.441176471,5
0.691423824,0.374269006,0.601197358,0.498820543,0.529411765,5
0.670398773,0.258609487,0.59120387,0.505952463,0.382352941,4
0.640362986,0.222871995,0.500950179,0.596073995,0.294117647,5
0.622341513,0.335282651,0.79607038,0.515029452,0.147058824,6
0.671165644,0.42420472,0.795120201,0.469796251,0.411764706,6
0.652978016,0.407407407,0.562160294,0.476452249,0.323529412,5
0.645248807,0.288845571,0.580231852,0.592875437,0.617647059,5
0.649974438,0.272904483,0.552166806,0.710508891,0.617647059,5
0.689621677,0.36517219,0.601197358,0.702404436,0.441176471,3
0.672801636,0.454840806,0.453168813,0.626222566,0.735294118,5
0.59170501,0.285250162,0.485023057,0.654426067,0.676470588,4
0.542446319,0.168291098,0.554665178,0.661557987,0.588235294,4
0.533435583,0.297595841,0.712687212,0.649563394,0.147058824,6
0.705240286,0.348278103,0.608692474,0.661557987,0.647058824,5
0.686017382,0.298245614,0.533116719,0.656371136,0.588235294,5
0.663190184,0.124756335,0.599011283,0.674525113,0.441176471,3
0.663190184,0.232618583,0.455667185,0.677118539,0.764705882,4
0.678062641,0.277172463,0.457136622,0.554074154,0.441176471,4
0.694427403,0.101364522,0.385712767,0.457325737,0.588235294,2
0.688343558,0.28717183,0.543635131,0.461022748,0.558823529,5
0.623445531,0.503872293,0.62316784,0.548305903,0.441176471,5
0.685416667,0.361923327,0.570904597,0.680684499,0.617647059,4
0.741283231,0.109161793,0.503136254,0.695272517,0.676470588,4
0.836797035,0.159194282,0.437553987,0.615524686,0.676470588,4
0.864429959,0.115659519,0.467222156,0.538694459,0.647058824,4
0.834394172,0.20402859,0.526870789,0.557820971,0.5,4
0.817574131,0.232618583,0.580898085,0.561386931,0.411764706,4
0.77672546,0.37037037,0.500950179,0.518271234,0.558823529,5
0.686618098,0.245614035,0.58402105,0.613903795,0.470588235,4
0.654179448,0.05782976,0.486896836,0.693975804,0.647058824,2
0.686618098,0.218323587,0.56434637,0.656695314,0.676470588,5
0.637960123,0.230669266,0.596825207,0.622980784,0.352941176,2
0.672801636,0.233918129,0.587456312,0.575002414,0.5,5
0.689020961,0.507472385,0.603383434,0.497523831,0.205882353,4
0.689621677,0.219623132,0.612752329,0.609365301,0.411764706,5
0.707042434,0.076023392,0.683955933,0.689113131,0.264705882,6
0.72025818,0.104613385,0.485959946,0.610986191,0.617647059,4
0.730470348,0.251461988,0.490019801,0.49233698,0.529411765,4
0.65754868,0.155606407,0.53375489,0.581246368,0.617647059,4
0.703438139,0.18128655,0.423188348,0.54906816,0.470588235,4
0.708844581,0.106562703,0.662407474,0.570788098,0.205882353,6
0.79654908,0.085769981,0.498764103,0.549716517,0.411764706,4
0.825383436,0.141650422,0.45160733,0.49590294,0.676470588,2
0.823312883,0.116959064,0.47458438,0.486018954,0.5,2
0.762308282,0.218323587,0.505010033,0.46218841,0.382352941,4
0.657183027,0.315789474,0.601509655,0.492012802,0.352941176,5
0.658985174,0.2014295,0.638360643,0.547447269,0.411764706,3
0.660444055,0.250626566,0.646212669,0.579957709,0.352941176,4
0.619631902,0.115631869,0.48606626,0.612820902,0.294117647,4
0.581492843,0.033788174,0.536864277,0.60417845,0.382352941,4
0.572482106,0.032488629,0.622745817,0.60417845,0.411764706,4
0.598913599,0.084470435,0.537176574,0.624601675,0.323529412,4
0.600715746,0.116309292,0.548106952,0.684250459,0.294117647,4
0.61152863,0.209876543,0.481275499,0.649887572,0.5,2
0.593507157,0.277452891,0.5705923,0.573705701,0.147058824,5
0.538241309,0.09811566,0.615250701,0.67517347,0.235294118,4
0.556262781,0.135152697,0.492205876,0.702728615,0.382352941,4
0.693251534,0.410932769,0.423553801,0.685988605,0.382352941,4
0.619337935,0.485380117,0.654600061,0.573057345,0.117647059,3
0.573683538,0.260558804,0.617436777,0.52248555,0.205882353,4
0.540644172,0.231968811,0.668341108,0.441441006,0.264705882,5
0.503399796,0.417803769,0.668965701,0.486501773,0.176470588,6
0.557464213,0.291098116,0.61087855,0.699811011,0.205882353,4
0.505201943,0.252111761,0.698946165,0.79933371,0.117647059,6
0.45053681,0.428849903,0.49189358,0.794471038,0.411764706,4
0.410889571,0.321637427,0.551542213,0.69819012,0.235294118,3
0.476393705,0.24374947,0.659216618,0.643150304,0.117647059,6
0.466871166,0.19327278,0.563568951,0.680029245,0.294117647,4
0.424993332,0.060683109,0.536687762,0.71080488,0.294117647,4
0.442727505,0.10591293,0.552166806,0.673228401,0.235294118,4
0.377300613,0.079134005,0.576007655,0.645597385,0.205882353,4
0.416896728,0.300194932,0.674274741,0.612607082,0.058823529,6
0.404882413,0.46848603,0.579024306,0.528644935,0.294117647,4
0.4349182,0.297595841,0.603071137,0.412589149,0.117647059,4
0.49202454,0.284185641,0.693377985,0.457215378,0.323529412,4
0.532515337,0.237733814,0.604712355,0.575078286,0.294117647,2
0.513611963,0.16374269,0.705816689,0.624277497,0.264705882,5
0.460148262,0.332033788,0.755159537,0.612282904,0.088235294,6
0.425907464,0.386614685,0.744541456,0.548419804,0.088235294,3
0.428911043,0.240415854,0.72986352,0.537397746,0.147058824,4
0.366436605,0.087719298,0.732049595,0.558145149,0.264705882,5
0.387116564,0.140848575,0.712833393,0.531707384,0.264705882,4
0.260710634,0.137102014,0.808874537,0.506600819,0.088235294,7
0.379051636,0.128654971,0.767651397,0.497848009,0.029411765,3
0.426993865,0.043299739,0.744089622,0.656191803,0.088235294,3
0.399475971,0.071474984,0.691451049,0.75330041,0.264705882,7
0.471561861,0.263807667,0.772335845,0.804196383,0.088235294,6
0.523824131,0.282651072,0.70394291,0.823971252,0.058823529,6
0.504601227,0.052631579,0.726115962,0.839531804,0.205882353,5
0.42790184,0.02214425,0.709414344,0.787728132,0.176470588,2
0.415094581,0.109811566,0.754534944,0.643079831,0.117647059,3
0.397073108,0.306692658,0.667091921,0.628491813,0.117647059,4
0.38265593,0.172189734,0.712374915,0.635299554,0.176470588,4
0.368839468,0.286549708,0.656161544,0.487150129,0.117647059,2
0.367037321,0.34762833,0.718933142,0.329923715,0.088235294,6
0.323185072,0.413255361,0.769525176,0.31468734,0.088235294,3
0.298555726,0.133203379,0.773585031,0.403187982,0.029411765,3
0.254703476,0.174139051,0.725491369,0.450842174,0.088235294,4
0.257106339,0.208576998,0.812622095,0.318577479,0.029411765,6
0.353220859,0.354126056,0.742979973,0.382440579,0.058823529,4
0.255828221,0.233752229,0.692421162,0.595604972,0.205882353,4
0.18502045,0.159844055,0.780767851,0.654101889,0.088235294,4
0.287742843,0.141650422,0.84072878,0.68749224,0,7
0.271419045,0.215272481,0.838121784,0.78488664,0.058823529,6
0.434437628,0.311024475,0.847724222,0.693154553,0.029411765,3
0.514212679,0.457439896,0.783890816,0.55263412,0.058823529,3
0.451738241,0.533463288,0.746415235,0.363638245,0.058823529,5
0.316577198,0.376868096,0.74235538,0.271571643,0.088235294,6
0.325587935,0.426250812,0.639609829,0.370445986,0.088235294,5
0.432515337,0.722547109,0.546545469,0.207384365,0.058823529,3
0.499795501,0.43079922,0.742667677,0.254714378,0.029411765,2
0.466756135,0.502274204,0.633051602,0.415182574,0.117647059,4
0.399431708,0.351369652,0.782976938,0.589945322,0.088235294,2
0.277530675,0.404808317,0.645231166,0.616821399,0.176470588,4
0.252300613,0.063677713,0.774209624,0.61649722,0.088235294,3
0.314775051,0.142949968,0.745166049,0.64859086,0.147058824,4
0.199437628,0.288499025,0.662095177,0.771130209,0.176470588,2
0.113535276,0.113060429,0.632114712,0.835317488,0.147058824,2
0.158282209,0.180000829,0.634054938,0.823384972,0.176470588,2
0.284739264,0.297595841,0.833233664,0.74260253,0.029411765,3
0.365235174,0.174139051,0.84260256,0.686195528,0.029411765,3
0.167791411,0.161751897,0.773751146,0.706515292,0.176470588,2
0.126150307,0.031189084,0.780143258,0.709536356,0.117647059,2
0.15398773,0.041308946,0.898138181,0.763129216,0.117647059,2
0.335199387,0.279402209,0.631490119,0.770806031,0.088235294,2
0.377850204,0.40545809,0.509069888,0.748113559,0.147058824,4
0.413292434,0.320337882,0.705192096,0.739684926,0.088235294,2
0.360736196,0.353199784,0.858908424,0.667779448,0.029411765,7
0.389890638,0.449868633,0.800646202,0.644503396,0.058823529,3
0.337602249,0.203378817,0.817306542,0.700783546,0.058823529,3
0.336196319,0.209862718,0.880915361,0.669765902,0,7
0.276251732,0.132050556,0.907781863,0.668982712,0.147058824,2
0.283955722,0.09322824,0.900037961,0.723997522,0.058823529,2
0.323312883,0.103023516,0.835625723,0.880992123,0.029411765,7
0.347293797,0.14953433,0.947659105,0.865012208,0.029411765,7
0.309969325,0.151397011,0.831359885,0.740333283,0.117647059,1
0.16196319,0.096387541,0.84359925,0.665792995,0.117647059,1
0.283435583,0.456720999,0.708049276,0.68565753,0.058823529,5
0.326789366,0.252111761,0.903500379,0.741954174,0,3
0.320245399,0.489237278,0.798947494,0.778027617,0.088235294,4
0.375460123,0.518435569,0.748235857,0.710819274,0.058823529,2
0.43071319,0.569850552,0.857905088,0.694948338,0,6
0.380613497,0.52796188,0.704151107,0.764387303,0.117647059,4
0.290184049,0.211189913,0.776940557,0.958132734,0.117647059,2
0.19343047,0.129304743,0.957527675,1,0.029411765,7
0.109202454,0.12359504,0.956504405,0.924363024,0.088235294,7
0.099386503,0.095060346,0.893354065,0.882647501,0.117647059,1
0.106927403,0.331384016,0.903812675,0.62362914,0.029411765,7
0.215056237,0.148797921,0.82917381,0.681981211,0.088235294,4
0.233809016,0.406475125,0.779464352,0.6955826,0.058823529,3
0.310282742,0.588185439,0.697995698,0.605263742,0.058823529,5
0.20797546,0.209199121,0.639157995,0.799878606,0.176470588,4
0.065478016,0.113710201,0.658659916,0.916037853,0.117647059,2
0.123312883,0.279540459,0.864968305,0.803520437,0.029411765,7
0.267658042,0.032206119,0.949570903,0.794696553,0.029411765,3
0.291947853,0.379467186,0.899440524,0.650860107,0.029411765,7
0.30216002,0.294346979,0.878204362,0.45505649,0.029411765,3
0.352620143,0.597141001,0.713936398,0.443710254,0.058823529,4
0.29795501,0.469135802,0.718620845,0.363314067,0.058823529,6
0.236682004,0.71539961,0.769837473,0.312418093,0.058823529,3
0.219861963,0.461338532,0.797631862,0.530265826,0.058823529,6
0.192829755,0.150747238,0.877579769,0.639189693,0.058823529,6
0.170603272,0.107862248,0.85415753,0.73547061,0.058823529,3
0.078093047,0.14359974,0.779518665,0.881674967,0.147058824,1
0.063675869,0.18388564,0.827300031,0.91117518,0.176470588,1
0.106927403,0.177387914,0.6243073,0.878433185,0.176470588,2
0.142369632,0.187784276,0.460351633,0.831751528,0.205882353,2
0.108128834,0.088369071,0.591828463,0.75848726,0.176470588,4
0.074593225,0.00372913,0.723413918,0.729748161,0.147058824,1
0.194631902,0.089668616,0.814495874,0.732553007,0.088235294,3
0.171203988,0.086419753,0.946909593,0.750706984,0.029411765,7
0.112333845,0.162443145,0.748289014,0.763674111,0.058823529,3
0.05963469,0.206982102,0.688441646,0.672580044,0.205882353,4
0.163394683,0.238249946,0.64752134,0.553801162,0.117647059,2
0.363433027,0.352176738,0.523747824,0.540963706,0.117647059,3
0.295552147,0.376218324,0.790136746,0.575002414,0.205882353,4
0.325587935,0.417803769,0.86227724,0.480342387,0,6
0.287142127,0.263807667,0.879453548,0.503034859,0.058823529,3
0.434355828,0.359172162,0.721763744,0.382061221,0.117647059,2
0.417497444,0.361923327,0.667716515,0.32538522,0.176470588,5
0.29795501,0.252761533,0.876330582,0.28453877,0.029411765,6
0.301559305,0.258609487,0.818868025,0.345160089,0.088235294,3
0.305521472,0.087097176,0.6748794,0.570112152,0.058823529,3
0.288343558,0.137751787,0.883825699,0.551985764,0.029411765,3
0.230074131,0.218973359,0.91411846,0.65734367,0.029411765,7
0.163803681,0.26029613,0.813299845,0.719758315,0.058823529,7
0.110531697,0.224821313,0.777957182,0.645997434,0.058823529,7
0.150306748,0.191945585,0.862097835,0.616793809,0.029411765,7
0.234279141,0.287849253,0.849160786,0.668365728,0.088235294,3
0.257707055,0.520467836,0.632114712,0.703376971,0.294117647,2
0.288944274,0.263807667,0.535615091,0.732877185,0.235294118,2
0.357055215,0.154120526,0.634054938,0.789284187,0.176470588,4
0.390184049,0.212517108,0.766415501,0.769750728,0.264705882,4
0.358282209,0.288167227,0.828927959,0.727041978,0.117647059,6
0.341717791,0.08311559,0.701670454,0.71710971,0.176470588,4
0.327834089,0.281040766,0.792499337,0.654651582,0.088235294,3
0.418698875,0.443144899,0.886011774,0.584727759,0.058823529,3
0.45053681,0.411306043,0.870709245,0.547447269,0.058823529,6
0.438522495,0.744639376,0.872583024,0.439820116,0.029411765,6
0.411490286,1,0.688328084,0.277082672,0.088235294,5
0.306365031,0.411306043,0.687078898,0.519567946,0.294117647,5
0.318379346,0.412605588,0.585894829,0.586024472,0.147058824,2
0.404882413,0.519818064,0.688328084,0.469320329,0.088235294,6
0.421472393,0.648500684,0.598971415,0.258570029,0.058823529,6
0.292548569,0.582196231,0.644606573,0.158109283,0.176470588,3
0.345411554,0.437946719,0.757345613,0.284214592,0.147058824,6
0.36732462,0.736672599,0.455219107,0.432068029,0.117647059,5
0.34180726,0.269655621,0.640859015,0.376281194,0.117647059,2
0.433116053,0.311890838,0.715185584,0.187933675,0.117647059,5
0.343008691,0.519818064,0.74235538,0.250500062,0.058823529,6
0.334969325,0.41889594,0.804688434,0.325116221,0.147058824,6
0.34601227,0.325992286,0.724315273,0.544950408,0.294117647,5
0.371165644,0.383061673,0.86624407,0.536342443,0.029411765,6
0.447239264,0.411596367,0.76067456,0.612820902,0.264705882,5
0.314775051,0.124106563,0.652101689,0.733201363,0.382352941,4
0.348415133,0.096816114,0.560598812,0.628815991,0.235294118,4
0.403680982,0.089018843,0.455354888,0.531562539,0.470588235,4
0.377300613,0.2417154,0.686680222,0.70287346,0.352941176,4
0.403080266,0.230019493,0.729551223,0.807113987,0.205882353,3
0.473364008,0.138401559,0.610253957,0.803548027,0.441176471,4
0.449936094,0.125406108,0.58495794,0.671283332,0.470588235,4
0.417497444,0.504873294,0.494704249,0.556524258,0.352941176,4
0.455943252,0.573749188,0.874456803,0.438199225,0.088235294,6
0.478169734,0.65237167,0.761717764,0.456029024,0.117647059,6
0.45474182,0.586094867,0.747976717,0.418748534,0.205882353,6
0.405483129,0.423001949,0.469720528,0.460243341,0.352941176,4
0.331288344,0.317365518,0.479049555,0.500917355,0.382352941,4
0.404907975,0.389697648,0.530399075,0.542963954,0.529411765,2
0.409578918,0.447279816,0.568860474,0.721029946,0.588235294,4
0.435719155,0.50994152,0.283758367,0.732920409,0.588235294,4
0.417411627,0.326371484,0.507017654,0.677025917,0.588235294,4
0.453827687,0.172556996,0.384178441,0.648224397,0.617647059,4
0.493788344,0.197270955,0.427747877,0.633678664,0.5,4
0.528192973,0.352294879,0.557958487,0.684604108,0.294117647,4
0.612386795,0.2684489,0.380671409,0.658501449,0.588235294,4
0.460736196,0.127576625,0.826057489,0.492971541,0.294117647,6
0.468398091,0.183495776,0.65018627,0.615697581,0.558823529,4
0.392281353,0.043700984,0.804124725,0.720166385,0.5,3
0.418784692,0.15037594,0.658347619,0.687029129,0.529411765,3
0.425766871,0.398324416,0.644898936,0.731677036,0.382352941,4
0.399093698,0.207690945,0.573970781,0.758516731,0.352941176,3
0.407525562,0.193892138,0.671838828,0.713210376,0.264705882,3
0.464353272,0.048732943,0.51875108,0.693003269,0.676470588,2
0.509615898,0.079667768,0.468579967,0.651607126,0.676470588,4
0.475766871,0.443766421,0.474771584,0.65093058,0.441176471,5
0.42858338,0.206273259,0.5364952,0.709359532,0.352941176,4
0.433142171,0.462751081,0.602840309,0.590379735,0.352941176,3
0.439263804,0.404296794,0.500737551,0.56051096,0.647058824,5
0.406134969,0.186636805,0.524658135,0.565808169,0.264705882,3
0.431204685,0.460038986,0.543649629,0.555875902,0.5,6
0.403680982,0.422069667,0.470535214,0.619809476,0.470588235,5
0.382368632,0.407831172,0.588827701,0.608308198,0.705882353,5
0.32924811,0.185139852,0.574739307,0.725232611,0.588235294,4
0.288984322,0.308945203,0.344385529,0.860171148,0.529411765,4
0.314043745,0.028137978,0.327476257,0.870131405,0.764705882,2
0.455214724,0.287503629,0.498504964,0.77935192,0.235294118,6
0.42392638,0.367135332,0.518598254,0.724393373,0.441176471,5
0.373044479,0.170240416,0.453793406,0.716344098,0.294117647,5
0.413496933,0.324001493,0.461507794,0.551240844,0.529411765,4
0.357055215,0.499191241,0.441414504,0.460195059,0.764705882,5
0.338803681,0.246263808,0.485023057,0.511463492,0.558823529,4
0.337423313,0.245033387,0.496272376,0.569781076,0.529411765,5
0.386260225,0.308641975,0.571841486,0.54193624,0.529411765,5
0.385739605,0.1218107,0.518272225,0.575931725,0.470588235,4
0.497079221,0.479023646,0.265885954,0.426993936,0.647058824,4
0.492150028,0.340244551,0.425431205,0.446598387,0.294117647,6
0.414337157,0.113568947,0.780767851,0.569406817,0.205882353,6
0.440037343,0.179337232,0.765451744,0.597483466,0.411764706,3
0.478274206,0.337316722,0.731234909,0.600527922,0.441176471,5
0.419351827,0.286464955,0.747854514,0.617441565,0.294117647,3
0.541104294,0.345900212,0.539648367,0.479397442,0.588235294,4
0.47890104,0.395626748,0.689522958,0.557228993,0.205882353,6
0.44601227,0.36779893,0.565482598,0.632685437,0.441176471,6
0.428911043,0.222222222,0.404138261,0.628815991,0.735294118,2
0.472763292,0.102664068,0.362602825,0.451166352,0.823529412,4
0.558282209,0.191945585,0.527528605,0.277772413,0.411764706,4
0.613496933,0.30608436,0.663716461,0.306907064,0.558823529,4
0.584662577,0.295466799,0.665630108,0.457546454,0.411764706,4
0.565874233,0.282651072,0.529056865,0.616821399,0.529411765,6
0.589302147,0.169590643,0.428809685,0.740333283,0.5,4
0.774923313,0.254061079,0.311386198,0.710184713,0.588235294,4
0.813369121,0.207927225,0.323878058,0.571760632,0.676470588,4
0.645398773,0.299448385,0.720169039,0.47211378,0.382352941,6
0.520245399,0.339264236,0.735478212,0.473769158,0.264705882,6
0.525913577,0.29324519,0.546464,0.617103293,0.823529412,5
0.568538277,0.111534876,0.471186964,0.699980147,0.705882353,4
0.671600204,0.121507472,0.335120733,0.589266254,0.676470588,4
0.660122699,0.291485214,0.416856038,0.602888634,0.823529412,4
0.662589468,0.32488629,0.517501894,0.687168062,0.794117647,4
0.687730061,0.176682842,0.467567675,0.680360321,0.852941176,4
0.750363818,0.357042477,0.376031575,0.620651224,0.852941176,4
0.80075409,0.328784925,0.36666268,0.559441862,0.705882353,4
0.77724608,0.117652155,0.470636598,0.581118576,0.647058824,2
0.802235855,0.338055014,0.463641156,0.495016853,0.558823529,4
0.704907975,0.383725271,0.53167484,0.54329503,0.470588235,3
0.706441718,0.093567251,0.350735558,0.639838049,0.705882353,4
0.772886103,0.14272396,0.216027138,0.561964814,0.735294118,4
0.726866053,0.339831059,0.488770615,0.512436027,0.411764706,5
0.633154397,0.395711501,0.362290529,0.551337407,0.705882353,4
0.648146172,0.329180439,0.29945104,0.497016421,0.647058824,2
0.594238464,0.735994576,0.469883465,0.305553973,0.588235294,5
0.57791411,0.720169217,0.40888251,0.472444855,0.558823529,5
0.684815951,0.41065627,0.397580034,0.521188837,0.676470588,4
0.658384458,0.461338532,0.4990764,0.493309514,0.735294118,5
0.7,0.274895276,0.367420165,0.596598198,0.911764706,4
0.781034943,0.313585897,0.373750453,0.546065988,0.5,2
0.618136503,0.499025341,0.447235179,0.572733167,0.264705882,5
0.645769427,0.194931774,0.47128201,0.611634548,0.705882353,4
0.701226994,0.149475343,0.404098393,0.590638838,0.852941176,2
0.771919734,0.365821962,0.330436285,0.526699866,0.794117647,4
0.649693252,0.477292522,0.423553801,0.644935233,0.647058824,5
0.717177914,0.296130397,0.466610852,0.713136803,0.794117647,5
0.783934049,0.103963613,0.471906603,0.683602102,0.764705882,4
0.862027096,0.10331384,0.318256721,0.605150984,0.794117647,2
0.878527607,0.229107047,0.40601204,0.56878785,0.735294118,2
0.850306748,0.203226743,0.322130527,0.556538053,0.764705882,4
0.876444274,0.435997401,0.340117477,0.481963278,0.764705882,4
0.733742331,0.474638132,0.455447913,0.550578693,0.764705882,4
0.647239264,0.489237278,0.677430929,0.547267937,0.205882353,6
0.690797546,0.531707519,0.577921301,0.499261977,0.323529412,6
0.692625256,0.281351527,0.399141517,0.513084383,0.558823529,4
0.638560838,0.257309942,0.587456312,0.427177167,0.617647059,4
0.687218814,0.247563353,0.747352124,0.248230815,0.382352941,3
0.663190184,0.278752437,0.600260469,0.257631982,0.441176471,5
0.660186605,0.314489929,0.556851254,0.35909975,0.441176471,5
0.612129346,0.40805718,0.801067124,0.475803893,0.147058824,6
0.612883436,0.304093567,0.688274927,0.608516919,0.617647059,6
0.642331288,0.307411555,0.514452019,0.639306948,0.735294118,4
0.700613497,0.187964,0.571542479,0.623415321,0.705882353,4
0.74849182,0.142300195,0.509069888,0.590238788,0.764705882,4
0.746689673,0.192982456,0.575276748,0.566249603,0.470588235,4
0.790541922,0.32748538,0.561535701,0.539342815,0.735294118,4
0.735276074,0.274853801,0.572153783,0.567870494,0.705882353,4
0.717254601,0.154645874,0.356981488,0.530265826,0.647058824,2
0.717177914,0.199245158,0.50041861,0.444965582,0.411764706,4
0.671600204,0.333333333,0.578712009,0.479045675,0.352941176,4
0.627607362,0.388370453,0.715703863,0.48932971,0.529411765,6
0.604894639,0.069497415,0.466298844,0.645518214,0.705882353,4
0.640490798,0.341255029,0.528485428,0.586334855,0.411764706,4
0.66809816,0.208535523,0.4918072,0.651556745,0.352941176,4
0.704639571,0.212475634,0.669590294,0.657667848,0.411764706,6
0.73190184,0.178010037,0.565801539,0.652549972,0.588235294,5
0.774846626,0.345900212,0.377945222,0.58070657,0.794117647,4
0.826380368,0.3757621,0.459594147,0.439999448,0.529411765,4
0.725985003,0.395581546,0.582896783,0.448335196,0.558823529,4
0.690743013,0.221615768,0.349715389,0.499857913,0.735294118,4
0.71060668,0.259042668,0.499617714,0.472540499,0.352941176,4
0.623265691,0.360873694,0.703126134,0.496027624,0.470588235,5
0.613043478,0.310873803,0.710053059,0.464203952,0.558823529,5
0.645638837,0.531909484,0.658564869,0.49329542,0.411764706,5
0.701427047,0.318332062,0.562105982,0.462174315,0.558823529,4
0.692651374,0.396982795,0.516157661,0.423611207,0.617647059,4
0.638650307,0.41889594,0.620978352,0.480059594,0.294117647,4
0.741104294,0.339264236,0.576007655,0.465492268,0.294117647,3
0.737783409,0.405797101,0.521371655,0.425640844,0.617647059,5
0.702453988,0.087097176,0.425148507,0.541970727,0.5,2
0.673006135,0.168719672,0.515089902,0.558524506,0.264705882,1
0.720858896,0.516179337,0.519937806,0.471848919,0.705882353,2
0.710429448,0.501845631,0.419726508,0.497606599,0.5,5
0.647239264,0.333291858,0.594506239,0.54329503,0.411764706,4
0.635637355,0.202902318,0.490623574,0.651313956,0.588235294,4
0.654414511,0.087126028,0.429800887,0.597483466,0.735294118,2
0.606134969,0.178010037,0.780129969,0.464167966,0.088235294,6
0.651776585,0.279402209,0.524684713,0.532859251,0.588235294,4
0.603599182,0.071908165,0.751120502,0.617080741,0.147058824,3
0.65754868,0.2417154,0.579377337,0.591056281,0.5,4
0.634956544,0.326835608,0.816681949,0.544529666,0.264705882,6
0.645012003,0.124417324,0.664756487,0.617103293,0.411764706,4
0.689570552,0.103687114,0.544751425,0.594611745,0.617647059,4
0.667395194,0.187134503,0.738295526,0.537073568,0.352941176,3
0.666794479,0.114359974,0.59838669,0.618766468,0.5,4
0.66196319,0.269586496,0.748235857,0.538328896,0.205882353,3
0.677006646,0.320337882,0.646792648,0.502386503,0.382352941,4
0.599113838,0.428849903,0.595555201,0.562445913,0.382352941,4
0.610327198,0.346328785,0.550605324,0.660585452,0.411764706,4
0.628991297,0.111156444,0.584151779,0.666609135,0.294117647,6
0.711888207,0.101017977,0.502948876,0.615697581,0.558823529,5
0.75866394,0.265280485,0.471969063,0.532707968,0.411764706,4
0.682413088,0.330827068,0.555914364,0.565508625,0.5,5
0.693335192,0.096402623,0.52116428,0.573558348,0.441176471,4
0.733310095,0.121920964,0.520823593,0.546327381,0.441176471,4
0.751050162,0.0666896,0.464562124,0.584617157,0.558823529,4
0.827866394,0.085769981,0.444986644,0.508502665,0.558823529,2
0.724882294,0.280157759,0.77414426,0.433924596,0.205882353,5
0.566657775,0.031528096,0.713637679,0.624207023,0.323529412,5
0.598773006,0.124922235,0.564844716,0.624077472,0.470588235,5
0.56347137,0.102014295,0.613689218,0.563007822,0.411764706,4
0.57731395,0.161030596,0.759911875,0.536256075,0.205882353,3
0.709445297,0.229369721,0.719557735,0.55263412,0.205882353,5
0.624953321,0.447156539,0.598929814,0.564332724,0.235294118,4
0.606748466,0.330637468,0.596100945,0.546605786,0.323529412,5
0.596319018,0.546306665,0.78331938,0.353588721,0.088235294,3
0.561016271,0.270192389,0.761867123,0.262593317,0.382352941,4
0.541584423,0.448512586,0.711356557,0.334307167,0.323529412,6
0.571779141,0.680353366,0.675517283,0.24731346,0.294117647,3
0.557255268,0.428171879,0.667689358,0.385386372,0.558823529,4
0.59202454,0.807100494,0.554957541,0.307900291,0.470588235,4
0.485378323,0.518518519,0.796694973,0.377902084,0.147058824,3
0.510007669,0.30474334,0.672713259,0.481314922,0.441176471,4
0.448813017,0.161030596,0.786307719,0.472999047,0.235294118,6
0.468398091,0.067749621,0.671838828,0.501241074,0.352941176,5
0.49859407,0.296946069,0.758594799,0.52248555,0.264705882,6
0.53803681,0.189954792,0.691464338,0.58898346,0.323529412,5
0.549106428,0.212560386,0.644226386,0.627928025,0.411764706,5
0.54283809,0.144080007,0.607728429,0.606955106,0.441176471,4
0.527607362,0.108995894,0.738986565,0.627057152,0.323529412,5
0.465554703,0.047433398,0.741730787,0.676470183,0.5,4
0.508806237,0.10331384,0.727365148,0.649563394,0.5,4
0.53803681,0.12890382,0.768010206,0.626063925,0.411764706,4
0.557055215,0.105014309,0.789698202,0.640300175,0.441176471,4
0.560467791,0.070175439,0.798881048,0.643079831,0.235294118,4
0.629229721,0.164782326,0.763445804,0.633332874,0.205882353,3
0.655214724,0.199908755,0.751744209,0.59726035,0.264705882,4
0.5560016,0.150860242,0.801949701,0.57921673,0.205882353,5
0.55506135,0.396361274,0.660221398,0.575002414,0.147058824,3
0.616935072,0.580246914,0.625556486,0.507897532,0.264705882,4
0.533435583,0.427493855,0.634124273,0.607293379,0.441176471,5
0.522152574,0.441054327,0.573511594,0.64856267,0.205882353,4
0.530928248,0.643783371,0.65791312,0.52509307,0.294117647,4
0.485378323,0.400259909,0.685205119,0.637244623,0.323529412,4
0.47607362,0.486582887,0.731650919,0.587659158,0.058823529,6
0.520219836,0.230669266,0.836981222,0.579865087,0.147058824,3
0.527607362,0.140848575,0.760993502,0.609179071,0.147058824,3
0.56767638,0.361273554,0.767339101,0.555551724,0.147058824,3
0.569478528,0.497076023,0.633676195,0.541612062,0.117647059,6
0.574284254,0.403508772,0.596200614,0.612607082,0.352941176,4
0.603067485,0.24702418,0.710281864,0.684664303,0.176470588,5
0.599113838,0.134979424,0.742792595,0.708715105,0.264705882,5
0.618336742,0.174485597,0.626201899,0.648893426,0.294117647,4
0.723261759,0.252761533,0.568406225,0.618118111,0.264705882,2
0.587730061,0.148811746,0.683809752,0.622753169,0.176470588,4
0.580448119,0.113568947,0.752090884,0.509532518,0.176470588,4
0.602958419,0.229932857,0.679167386,0.448335196,0.205882353,2
0.568711656,0.55028825,0.598333533,0.437019768,0.117647059,3
0.54208589,0.448949534,0.581564318,0.453867836,0.235294118,5
0.463803681,0.599394467,0.683490811,0.48105282,0.088235294,5
0.497392638,0.373619233,0.731112706,0.598343243,0.147058824,3
0.588343558,0.371116918,0.847745485,0.621759943,0.029411765,6
0.595309305,0.313840156,0.780455554,0.637244623,0.058823529,3
0.555374767,0.187473515,0.85408964,0.684419595,0.088235294,3
0.514533061,0.372016461,0.65385055,0.748135171,0.235294118,5
0.458786639,0.499545159,0.751453618,0.666182928,0.088235294,6
0.496191207,0.628979857,0.547794655,0.57402988,0.176470588,4
0.406815151,0.11424697,0.624022159,0.735837072,0.176470588,4
0.451947186,0.222052716,0.586220704,0.629957662,0.147058824,2
0.445731084,0.20662768,0.699570758,0.536425211,0.176470588,3
0.432515337,0.10379034,0.762446456,0.54239009,0.176470588,3
0.438650307,0.288167227,0.795439142,0.406560814,0.029411765,6
0.375487389,0.259735759,0.764778269,0.48049367,0.176470588,6
0.325326754,0.085091957,0.703209692,0.673933136,0.176470588,4
0.219261247,0.018843405,0.77545881,0.645673256,0.176470588,4
0.294951431,0.032488629,0.827612327,0.613255439,0.029411765,7
0.387730061,0.24702418,0.727504684,0.661157937,0.147058824,3
0.417177914,0.509808801,0.674241518,0.572098605,0.058823529,5
0.355214724,0.19858156,0.755571503,0.479066367,0.058823529,3
0.320245399,0.369126125,0.7718375,0.396628547,0.088235294,5
0.349693252,0.259632533,0.657337639,0.609841222,0.176470588,4
0.35442229,0.269655621,0.736734043,0.685547171,0.058823529,3
0.396932515,0.19061839,0.889526771,0.695589797,0.029411765,6
0.414110429,0.243706192,0.836582546,0.668772675,0.058823529,3
0.343609407,0.035087719,0.700195351,0.724448552,0.058823529,3
0.333128834,0.386379661,0.669457401,0.630367908,0.058823529,3
0.331595092,0.357374919,0.666779625,0.614876329,0.117647059,5
0.340605828,0.374918778,0.829486106,0.565277069,0,6
0.474805726,0.4815248,0.794092502,0.485334731,0.029411765,6
0.48404908,0.574177761,0.543475661,0.386034128,0,4
0.511042945,0.65779105,0.468524499,0.330744506,0.235294118,6
0.380368098,0.171374062,0.736116095,0.459863983,0.088235294,3
0.276929959,0.236517219,0.756408723,0.516974521,0.088235294,5
0.284662577,0.42155033,0.7090061,0.637982646,0.205882353,4
0.334355828,0.561569408,0.792568672,0.525416948,0,3
0.292638037,0.293476007,0.768329147,0.399608227,0.058823529,6
0.230674847,0.120277052,0.84359925,0.383054448,0.058823529,3
0.21325409,0.285899935,0.850097676,0.388275786,0.029411765,7
0.159509202,0.112977479,0.865606187,0.550578693,0.029411765,7
0.115938139,0.112410656,0.885699478,0.719261701,0.029411765,7
0.188957055,0.218489486,0.85476219,0.69989378,0.029411765,7
0.324386503,0.245614035,0.825113955,0.786042405,0.058823529,3
0.328220859,0.286840032,0.741538094,0.841263053,0.029411765,3
0.357295279,0.357657429,0.696366325,0.772708816,0.029411765,3
0.314670579,0.696669209,0.72993141,0.516636248,0,3
0.255214724,0.525071544,0.610453295,0.474762384,0.088235294,5
0.198159509,0.468002157,0.659251286,0.505221338,0.058823529,5
0.23307771,0.630279402,0.797007269,0.078037274,0,6
0.163803681,0.441458256,0.85476219,0,0,6
0.186221881,0.363872645,0.84072878,0.39638024,0.029411765,4
0.287089891,0.58072718,0.809118943,0.298450242,0,6
0.258895706,0.546306665,0.745046446,0.17381468,0.088235294,4
0.24605317,0.232012129,0.79875613,0.230833253,0.029411765,3
0.246625767,0.288830824,0.791611849,0.499261977,0.058823529,5
0.226993865,0.304093567,0.806921022,0.649570291,0.058823529,2
0.343504935,0.379354183,0.769036364,0.676977592,0.058823529,3
0.273299547,0.156284431,0.933928921,0.833597934,0.029411765,5
0.356264485,0.184881958,0.975640872,0.834236894,0.029411765,5
0.40668456,0.176738142,1,0.844394477,0,7
0.416496251,0.258349578,0.975640872,0.847031126,0.029411765,7
0.416844492,0.401050937,0.857348386,0.82378802,0,7
0.424993332,0.514958895,0.775553857,0.708098697,0.029411765,8
0.36074983,0.541823695,0.751120502,0.535820079,0.029411765,8
0.323185072,0.565951917,0.708002764,0.290698156,0.029411765,6
0.306521739,0.464107128,0.775879731,0.06538023,0.058823529,5
0.248853027,0.467497246,0.719829297,0.307921883,0.088235294,5
0.233678425,0.464587394,0.786701484,0.330247893,0,6
0.436196319,0.598067272,0.718893274,0.297305872,0.029411765,4
0.344171779,0.54763386,0.768329147,0.300616628,0.029411765,6
0.347814417,0.516569201,0.798568752,0.424259563,0.058823529,4
0.424105317,0.951916829,0.586831719,0.222944917,0.029411765,3
0.402994449,0.580339738,0.715810177,0.242441919,0,5
0.380881723,0.457137676,0.731613833,0.258054167,0.058823529,5
0.287062031,0.1592376,0.874373524,0.428279373,0.029411765,3
0.220018672,0.588185439,0.732538407,0.661755312,0.117647059,5
0.233296152,0.42317916,0.735456466,0.636154206,0.029411765,3
0.225033342,0.121705229,0.899060337,0.463865679,0.029411765,3
0.356041611,0.205102127,0.868753998,0.427670481,0.029411765,3
0.320312083,0.051868802,0.918938689,0.563994451,0.058823529,3
0.322192585,0.076955674,0.891565221,0.706745605,0.029411765,7
0.263994547,0.218150314,0.844393059,0.670332409,0.058823529,5
0.231985499,0.214779373,0.786900219,0.598667421,0.058823529,2
0.292638037,0.573514164,0.84072878,0.362858838,0.029411765,6
0.326580421,0.576659039,0.623696285,0.212190659,0.117647059,5
0.286541411,0.621832359,0.579024306,0.339324882,0.029411765,5
0.334729261,0.765149589,0.660520117,0.29811197,0.088235294,3
0.261912065,0.374269006,0.710397037,0.427501345,0.147058824,5
0.219261247,0.247563353,0.876642879,0.367852561,0,6
0.241104294,0.2417154,0.829884783,0.505883489,0.088235294,4
0.365672058,0.330320751,0.832211603,0.464634481,0.117647059,3
0.406815151,0.461395033,0.72145867,0.611352654,0.058823529,3
0.507361963,0.754012691,0.704221983,0.510849623,0.088235294,5
0.387297825,0.29984051,0.788603654,0.486560714,0.058823529,5
0.328220859,0.164738086,0.850615955,0.591632065,0.058823529,6
0.315337423,0.411596367,0.703903042,0.755514478,0.058823529,6
0.426380368,0.523744349,0.826057489,0.775379013,0.058823529,6
0.442767553,0.636084037,0.706149805,0.730845668,0.058823529,3
0.299484105,0.131135921,0.765436931,0.731993062,0.176470588,4
0.250306748,0.468002157,0.714428099,0.315183954,0.117647059,5
0.265001461,0.389492249,0.807536123,0.378781997,0.117647059,5
0.231956374,0.10379034,0.870709245,0.422400942,0.029411765,5
0.183899114,0.323500108,0.663510922,0.61293126,0.147058824,3
0.16467621,0.360927009,0.718475107,0.688659282,0.235294118,3
0.109695919,0.272904483,0.650418004,0.544712897,0.205882353,2
0.111733129,0.194931774,0.491268987,0.57921673,0.235294118,4
0.172392638,0.143502965,0.621616234,0.615469507,0.235294118,4
0.161472393,0.354689192,0.672505061,0.503315814,0.088235294,6
0.260164529,0.415381889,0.713652492,0.51732817,0.294117647,6
0.277060549,0.62073057,0.688545334,0.346484991,0.117647059,4
0.242849352,0.350530648,0.571237713,0.515072676,0.176470588,4
0.194792093,0.399740091,0.549585155,0.472194709,0.264705882,4
0.186462168,0.459345896,0.521936504,0.496745803,0.205882353,2
0.307566462,0.383799004,0.806417804,0.47876472,0.117647059,6
0.256887897,0.169413433,0.66800042,0.689555192,0.205882353,4
0.199780894,0.099136731,0.638003732,0.66405879,0.323529412,2
0.155064758,0.097552523,0.771107479,0.690388232,0.235294118,4
0.190797546,0.146157356,0.77757844,0.601564332,0.117647059,3
0.22208589,0.120277052,0.670414225,0.602888634,0.117647059,1
0.17562744,0.250221513,0.609061552,0.690969788,0.323529412,4
0.167991464,0.447156539,0.493020563,0.664123222,0.323529412,2
0.152147239,0.481937705,0.445879679,0.636327268,0.352941176,4
0.151380368,0.635477583,0.245803931,0.660585452,0.264705882,2
0.104788269,0.56273475,0.180427323,0.73994585,0.352941176,2
0.050116857,0.440731458,0.472754265,0.755569657,0.235294118,2
0.041008862,0.353303011,0.397017901,0.655809227,0.235294118,5
0,0.591293047,0.342928145,0.583755225,0.382352941,4
0.052760736,0.801791713,0.174141849,0.371797878,0.323529412,2
0.062362677,0.697946416,0.431809184,0.240684249,0.058823529,3
0.150779652,0.280051982,0.764840729,0.234291153,0.294117647,1
0.282576687,0.264587394,0.762446456,0.204207419,0.117647059,4
0.34601227,0.267595703,0.727185743,0.192685989,0.176470588,4
0.330341424,0.146114077,0.656609621,0.15942009,0.264705882,3
0.300518064,0.232012129,0.844393059,0.215618491,0.117647059,6
0.305003408,0.465583712,0.720806921,0.304140744,0.264705882,5
0.341424986,0.253765727,0.734775092,0.378344146,0.176470588,5
0.473259536,0.247817612,0.792499337,0.290669966,0.117647059,3
0.473419889,0.254045968,0.788088662,0.195088211,0.264705882,5
0.426107703,0.366471735,0.773106176,0.174123684,0.205882353,5
0.331288344,0.512463191,0.842642427,0.36418314,0.058823529,6
0.333197001,0.26042885,0.678501154,0.440727814,0.352941176,5
0.339404397,0.41065627,0.738295526,0.230725193,0.088235294,6
0.322944785,0.229239766,0.890696222,0.316934976,0.117647059,6
0.109202454,0.750694704,0.642985289,0.382061221,0.058823529,3
0.122546012,0.690708252,0.345426517,0.431067305,0.294117647,4
0.151380368,0.454840806,0.201770123,0.506924998,0.558823529,4
0.250498466,0.386614685,0.43286954,0.658640383,0.647058824,4
0.251533742,0.180000829,0.628632939,0.761804914,0.294117647,3
0.308847989,0.409443361,0.858050827,0.586651216,0.323529412,7
0.32198364,0.38791423,0.638360643,0.404484695,0.323529412,3
0.368578288,0.184083397,0.544508753,0.331262711,0.294117647,4
0.366129262,0.208350333,0.576482358,0.430667736,0.382352941,2
0.334341221,0.189733593,0.634434629,0.556246391,0.441176471,5
0.313154516,0.251869985,0.783208121,0.465045701,0.117647059,6
0.339459007,0.359383307,0.875138178,0.345101147,0.088235294,6
0.355828221,0.305420762,0.540924132,0.381730146,0.5,5
0.380613497,0.338055014,0.665176503,0.295841783,0.235294118,4
0.32208589,0.322010701,0.769923853,0.444303431,0.205882353,6
0.391771139,0.321044156,0.627932655,0.387077736,0.264705882,4
0.514899211,0.488257681,0.626225693,0.290605533,0.323529412,4
0.459976629,0.422166527,0.673694762,0.298756299,0.323529412,5
0.357922113,0.508856683,0.659216618,0.492280601,0.352941176,6
0.385739605,0.382412822,0.473634644,0.563137493,0.558823529,2
0.540163599,0.229932857,0.412341249,0.442456765,0.558823529,4
0.618684983,0.131197559,0.519090532,0.413124748,0.588235294,2
0.543829362,0.205449023,0.662589042,0.383986079,0.235294118,1
0.55913577,0.224086787,0.624022159,0.341749171,0.352941176,4
0.483318726,0.09393855,0.870709245,0.3995294,0.176470588,4
0.449693252,0.176682842,0.886975242,0.330413431,0.147058824,7
0.443558282,0.184646012,0.757485149,0.419803838,0.294117647,3
0.487562744,0.034733298,0.698321572,0.56613172,0.441176471,4
0.555214724,0.220480279,0.625124586,0.495951222,0.352941176,5
0.499586556,0.222052716,0.620763413,0.544374624,0.558823529,4
0.522295036,0.21903243,0.489139693,0.677884778,0.735294118,4
0.615773688,0.129434698,0.452648319,0.755050972,0.676470588,4
0.712883436,0.164074489,0.299166766,0.697907326,0.735294118,4
0.704765302,0.223582211,0.419607832,0.658647922,0.676470588,4
0.624103613,0.118345246,0.527266365,0.631949713,0.676470588,1
0.690012841,0.204723696,0.431809184,0.490738706,0.588235294,4
0.556441718,0.418232342,0.440776622,0.548592239,0.441176471,3
0.501226994,0.369126125,0.590678946,0.550247617,0.411764706,6
0.515086447,0.550062024,0.522527028,0.48479247,0.470588235,5
0.469325153,0.497200448,0.427062154,0.555544826,0.705882353,4
0.480572597,0.151118537,0.446342903,0.472145311,0.382352941,4
0.520391469,0.326371484,0.546634697,0.453620844,0.294117647,6
0.437530008,0.195609797,0.873642117,0.417522295,0.088235294,6
0.424993332,0.383422324,0.801297952,0.282213144,0.235294118,3
0.406427111,0.49939664,0.515226591,0.453620844,0.705882353,2
0.474456219,0.414673046,0.424409143,0.476304896,0.676470588,2
0.488021472,0.254191033,0.453606028,0.583106868,0.735294118,4
0.515173824,0.179337232,0.361374459,0.663070818,0.823529412,4
0.600278862,0.285663654,0.274847506,0.680006672,0.823529412,4
0.690713887,0.190678717,0.24384498,0.642166238,0.794117647,4
0.698059638,0.111156444,0.287484621,0.580121414,0.764705882,4
0.736237219,0.088542344,0.304744692,0.463204168,0.794117647,4
0.661908657,0.339441196,0.472968412,0.425167262,0.735294118,4
0.528389571,0.408576998,0.525559144,0.504137065,0.382352941,5
0.51068848,0.107255794,0.553915667,0.596333338,0.558823529,5
0.642402625,0.162654699,0.451331347,0.506299258,0.558823529,4
0.527167245,0.3827443,0.779464352,0.506826335,0.058823529,3
0.547852761,0.404591726,0.751120502,0.517838996,0.735294118,4
0.685616905,0.254191033,0.391021808,0.54377325,0.705882353,4
0.611419409,0.412546518,0.58112521,0.584875113,0.5,5
0.49932665,0.426567774,0.463048046,0.670492653,0.852941176,4
0.468871699,0.304093567,0.508662545,0.673594863,0.882352941,5
0.451533742,0.110323089,0.676793047,0.670096978,0.352941176,3
0.590797546,0.170046867,0.572499302,0.638644797,0.764705882,4
0.647462354,0.15878079,0.618260104,0.536071562,0.617647059,4
0.647462354,0.097820308,0.649603317,0.503182213,0.441176471,5
0.670879346,0.162009963,0.683497898,0.589763327,0.588235294,4
0.687116564,0.237733814,0.55750907,0.584679477,0.470588235,5
0.704765302,0.110431117,0.699541708,0.576864554,0.529411765,5
0.793571619,0.188151538,0.517461159,0.590379735,0.588235294,4
0.785576005,0.236863764,0.522935853,0.566249603,0.617647059,2
0.818644972,0.154928384,0.490087691,0.566700634,0.764705882,4
0.803430006,0.233209286,0.605313994,0.506718702,0.382352941,4
0.777886844,0.162009963,0.569239015,0.508156875,0.735294118,5
0.663803681,0.210526316,0.870390304,0.571436454,0.147058824,7
0.64204499,0.19597141,0.785431479,0.598062288,0.294117647,6
0.716373551,0.108641975,0.620205806,0.588380167,0.558823529,4
0.704475739,0.236044657,0.712971118,0.526523042,0.705882353,5
0.638287786,0.245968456,0.686056837,0.525462095,0.441176471,3
0.740917578,0.196965845,0.523652777,0.504796697,0.764705882,4
0.745848671,0.153692874,0.67083948,0.531670598,0.382352941,4
0.690144038,0.207136198,0.79412871,0.537609166,0.5,4
0.738279652,0.154645874,0.65022791,0.517622877,0.617647059,3
0.736477505,0.247563353,0.586207126,0.505304107,0.529411765,4
0.69202454,0.366471735,0.506381422,0.497354694,0.558823529,4
0.596932515,0.356517772,0.663078579,0.517140059,0.382352941,4
0.589223793,0.231545046,0.51257304,0.572113,0.470588235,4
0.603719325,0.339831059,0.613376922,0.53837028,0.294117647,5
0.675930946,0.146697493,0.540924132,0.556237775,0.617647059,4
0.659345603,0.323500108,0.419336691,0.54619378,0.617647059,5
0.610536143,0.365793711,0.494324062,0.582261186,0.264705882,3
0.651533742,0.385052466,0.585575888,0.616793809,0.382352941,6
0.66384551,0.245968456,0.711267682,0.670458151,0.205882353,6
0.747852761,0.280867654,0.549854483,0.633016512,0.911764706,4
0.595092025,0.659118245,0.465335088,0.641293402,0.529411765,5
0.523503749,0.483604072,0.493954737,0.735686729,0.294117647,6
0.588343558,0.225125461,0.43184627,0.733994565,0.705882353,4
0.614110429,0.272904483,0.498504964,0.679367094,0.705882353,5
0.665070686,0.244427494,0.499538055,0.695244327,0.794117647,4
0.655828221,0.217162291,0.450663796,0.702542385,0.882352941,4
0.722661043,0.26445744,0.455042592,0.679387786,0.764705882,4
0.798773006,0.324001493,0.325000997,0.650232443,0.764705882,4
0.782915444,0.329180439,0.320307015,0.602219286,0.852941176,4
0.781731425,0.254884124,0.398683482,0.537894819,0.794117647,4
0.818404908,0.454066609,0,0.523430495,0.882352941,2
0.786857532,0.360927009,0.038584787,0.536165869,0.882352941,4
0.785576005,0.265973576,0.173163763,0.555875902,0.588235294,2
0.783333333,0.208576998,0.357918378,0.52605151,0.764705882,4
0.764796962,0.250626566,0.308218619,0.532164584,0.911764706,4
0.781034943,0.184083397,0.377660948,0.620486021,0.588235294,4
0.777857041,0.147422821,0.316070645,0.670589741,0.647058824,4
0.746489434,0.25141867,0.304744692,0.689696652,0.823529412,4
0.720203569,0.292043239,0.487776944,0.677884778,0.411764706,4
0.609037857,0.49198878,0.64256522,0.616220483,0.147058824,6
0.679487863,0.308161709,0.527563273,0.597821739,0.411764706,6
0.714110429,0.394342831,0.597057768,0.610172297,0.882352941,4
0.719631902,0.219816681,0.515727784,0.632023286,0.735294118,2
0.755334756,0.171200949,0.392651181,0.61439711,0.823529412,4
0.809815951,0.143502965,0.251325599,0.56051096,0.764705882,4
0.793265167,0.132207061,0.32639725,0.512997935,0.5,4
0.744450641,0.299131668,0.438036627,0.547741977,0.705882353,2
0.704094735,0.146697493,0.429368914,0.594234473,0.588235294,4
0.754280535,0.130427078,0.329357442,0.590533496,0.588235294,4
0.745207907,0.178644141,0.345384878,0.528904278,0.352941176,4
0.793571619,0.337316722,0.347680483,0.496001603,0.764705882,2
0.784534765,0.214424951,0.345738814,0.544205488,0.647058824,4
0.869325153,0.114968272,0.316070645,0.566801396,0.617647059,4
0.895745532,0.139333842,0.321284639,0.530505436,0.588235294,4
0.919631902,0.260959728,0.235378543,0.545281483,0.735294118,4
0.953456033,0.150920511,0.259107762,0.519222156,0.588235294,2
0.965644172,0.138194185,0.241119483,0.463174739,0.529411765,4
0.795187457,0.420532814,0.412674366,0.446260455,0.794117647,4
0.762576687,0.361162955,0.270143125,0.491978315,0.411764706,4
0.848210634,0.30474334,0.396018552,0.523458084,0.588235294,4
0.785736196,0.16374269,0.355249662,0.630142174,0.735294118,4
0.841322427,0.25141867,0.255443483,0.657538177,0.764705882,4
0.891411043,0.154784123,0.258023362,0.637982646,0.705882353,2
0.850012781,0.302794022,0.397892331,0.621684071,0.647058824,4
0.787303281,0.249173659,0.423283395,0.65329849,0.794117647,4
0.85670075,0.164089235,0.260773344,0.548614311,0.735294118,4
0.935236063,0.097974405,0.174315187,0.442892761,0.529411765,2
0.742798079,0.418679549,0.526585649,0.477396594,0.529411765,2
0.651280341,0.337316722,0.699625071,0.483485506,0.205882353,2
0.64396728,0.507862248,0.516606644,0.614314421,0.5,4
0.630511247,0.255577215,0.502282644,0.648201846,0.647058824,4
0.748439584,0.190863633,0.322588138,0.52982889,0.529411765,4
0.703558282,0.2791423,0.718808223,0.41237303,0.411764706,6
0.696830266,0.328135153,0.665842735,0.530914182,0.294117647,6
0.699233129,0.275503574,0.636174567,0.598991599,0.294117647,6
0.734955692,0.25141867,0.561244225,0.551380631,0.676470588,5
0.681211656,0.197530864,0.575901341,0.595101461,0.676470588,5
0.671236981,0.236638107,0.570555987,0.652134202,0.264705882,3
0.716471059,0.366471735,0.589153575,0.62623666,0.617647059,3
0.735582822,0.162747294,0.701351513,0.614145204,0.205882353,3
0.767798545,0.051679587,0.596701741,0.617032491,0.470588235,5
0.746088957,0.157244964,0.638360643,0.578244196,0.676470588,5
0.665697519,0.393931689,0.560639546,0.506318925,0.411764706,5
0.560467791,0.461988304,0.57777512,0.496875474,0.558823529,5
0.545972259,0.279684719,0.580029086,0.534564711,0.235294118,4
0.645248807,0.459345896,0.621538271,0.486026311,0.264705882,3
0.64817229,0.094866797,0.574339858,0.591859679,0.470588235,5
0.582208589,0.103687114,0.810748316,0.514160379,0.147058824,1
0.630674847,0.290158019,0.503608021,0.637651571,0.588235294,4
0.57908998,0.048083171,0.502199365,0.713102316,0.735294118,5
0.632553681,0.168291098,0.471594307,0.686195528,0.617647059,4
0.663190184,0.178037687,0.644294276,0.596722352,0.147058824,3
0.728067485,0.150747238,0.793259711,0.568843029,0.352941176,5
0.735876789,0.144899285,0.782329333,0.566249603,0.382352941,3
0.674473193,0.286464955,0.750461511,0.518665885,0.411764706,5
0.590503579,0.377517869,0.510943667,0.529941648,0.617647059,5
0.579754601,0.278213264,0.520192959,0.603881861,0.294117647,5
0.701035276,0.220922677,0.376656168,0.609041122,0.588235294,4
0.67607362,0.280204056,0.565482598,0.64294878,0.323529412,4
0.708243865,0.489928525,0.507196109,0.638541336,0.617647059,4
0.61993865,0.264090177,0.78565597,0.635708301,0.294117647,6
0.583895706,0.18388564,0.593702242,0.6450249,0.264705882,4
0.535838446,0.184535413,0.564970963,0.634002842,0.264705882,4
0.586298569,0.190383366,0.606194102,0.674200935,0.294117647,4
0.592357962,0.105432664,0.556240239,0.641120667,0.411764706,4
0.633102161,0.11424697,0.459455477,0.577525366,0.529411765,4
0.701635992,0.375568551,0.407573523,0.500441434,0.529411765,4
0.706748466,0.354526979,0.509667903,0.563159565,0.382352941,4
0.7286682,0.374918778,0.449421255,0.535452677,0.5,4
0.63555726,0.724496426,0.414444046,0.438199225,0.5,5
0.512750067,0.350877193,0.649114505,0.60391065,0.147058824,4
0.460148262,0.253411306,0.910370902,0.534155964,0.117647059,6
0.449439851,0.190863633,0.689522958,0.831568297,0.441176471,5
0.427607362,0.045290531,0.618426823,0.897876978,0.411764706,5
0.475766871,0.107862248,0.509694481,0.828509746,0.5,4
0.521421268,0.092917479,0.535927388,0.728014512,0.470588235,4
0.515337423,0.290821617,0.580791771,0.71710971,0.352941176,4
0.425306748,0.09811566,0.53217983,0.745520134,0.441176471,4
0.439263804,0.122267845,0.595463063,0.592625291,0.264705882,5
0.462603361,0.388168489,0.6106613,0.624545296,0.294117647,5
0.495590491,0.404158545,0.716747066,0.60774441,0.176470588,6
0.545398773,0.312056738,0.545070366,0.6969141,0.441176471,5
0.573552947,0.169166879,0.637057144,0.705730786,0.352941176,3
0.536196319,0.069180042,0.643942112,0.579713344,0.382352941,4
0.572482106,0.107212476,0.679271485,0.444682788,0.352941176,4
0.503399796,0.332033788,0.594326835,0.595749817,0.352941176,5
0.433716769,0.05782976,0.60994166,0.649239216,0.323529412,2
0.467484663,0.048608519,0.614918471,0.629705757,0.352941176,4
0.547852761,0.159844055,0.653975468,0.549392338,0.352941176,4
0.654179448,0.274853801,0.593389945,0.464457657,0.323529412,4
0.684815951,0.317089019,0.65647384,0.563007822,0.264705882,4
0.704639571,0.296296296,0.585894829,0.556848436,0.294117647,2
0.654179448,0.257309942,0.519063376,0.431715661,0.264705882,4
0.630150818,0.150097466,0.52406012,0.479045675,0.323529412,4
0.589302147,0.038336582,0.606818695,0.575002414,0.323529412,4
0.575460123,0.098378334,0.705816689,0.60619939,0.176470588,5
0.544248466,0.22677063,0.663344363,0.677442717,0.117647059,3
0.515884236,0.149504195,0.623044536,0.694906054,0.147058824,5
0.423504601,0,0.688328084,0.779234664,0.264705882,2
0.436196319,0.022728215,0.663716461,0.747568664,0.176470588,3
0.50797546,0.250342167,0.580153889,0.794250321,0.235294118,3
0.462551125,0.47108512,0.573402969,0.738388214,0.176470588,4
0.562870654,0.455490578,0.732049595,0.703701149,0.058823529,3
0.504000511,0.324236517,0.571216893,0.622980784,0.088235294,3
0.427500667,0.359013476,0.652047377,0.457438495,0.058823529,3
0.35398773,0.217162291,0.552087071,0.447945262,0.235294118,4
0.280269939,0.412007797,0.578399713,0.535958395,0.205882353,4
0.272672713,0.382066277,0.642597013,0.372532002,0.058823529,6
0.306748466,0.410269172,0.792568672,0.162227035,0.029411765,7
0.435649507,0.30273752,0.580354961,0.437818668,0.058823529,1
0.380613497,0.284687026,0.549918271,0.646127105,0.264705882,4
0.277737818,0.086845466,0.614669183,0.63385752,0.205882353,2
0.386642499,0.102073365,0.798824267,0.419721069,0.147058824,2
0.484542545,0.167132808,0.709075435,0.381327097,0.147058824,2
0.479931834,0.457266623,0.651185619,0.404765649,0.058823529,2
0.413083489,0.232901093,0.70874956,0.588011825,0.235294118,4
0.372225321,0.183590289,0.840047406,0.475243949,0.147058824,2
0.480981595,0.402306001,0.815851373,0.31849471,0.029411765,3
0.486503067,0.415577952,0.82428123,0.376432937,0.058823529,4
0.439877301,0.13952138,0.879001714,0.515484681,0.058823529,5
0.457745399,0.389863548,0.924172195,0.664151412,0.176470588,4
0.331595092,0.138057562,0.917318707,0.706218297,0.029411765,7
0.262941864,0.275874872,0.860739785,0.750382806,0.176470588,2
0.23443585,0.314263921,0.773593923,0.734145708,0.205882353,2
0.26809816,0.531043922,0.653829287,0.601233257,0.058823529,4
0.249297035,0.53411306,0.515003522,0.431391483,0.029411765,3
0.241717791,0.138857783,0.416494902,0.532369536,0.117647059,5
0.21813817,0.142045936,0.366822011,0.5920711,0.147058824,5
0.25398773,0.125585832,0.35788614,0.548592239,0.147058824,2
0.243211523,0.124417324,0.381588579,0.471307683,0.058823529,3
0.244171779,0.243042595,0.429830621,0.469465175,0,3
0.295865564,0.193575727,0.494513554,0.487544781,0.029411765,7
0.266257669,0.180664427,0.567538671,0.593949594,0.088235294,4
0.367638037,0.454840806,0.640807263,0.547447269,0.029411765,3
0.47388637,0.47224341,0.706220619,0.459806405,0.058823529,4
0.438650307,0.392352038,0.755680032,0.464167966,0.117647059,5
0.375460123,0.442121853,0.781086792,0.451587094,0.029411765,6
0.512269939,0.528389532,0.780600264,0.30425846,0.058823529,6
0.507108562,0.538689719,0.777412113,0.321114525,0.029411765,3
0.329714591,0.118993135,0.800972077,0.615411928,0.058823529,4
0.332221926,0.219340622,0.859955383,0.609999562,0.029411765,4
0.48404908,0.400978806,0.894629829,0.539984274,0,3
0.435719155,0.634697856,0.851055385,0.395083528,0.029411765,3
0.412691718,0.736842105,0.693324828,0.347105158,0.029411765,5
0.395871677,0.764782326,0.71549788,0.378226263,0.058823529,6
0.320245399,0.407614782,0.723677391,0.662151164,0.088235294,6
0.284582555,0.116281041,0.698647447,0.696597419,0.088235294,5
0.173006135,0.0804612,0.917274648,0.690623664,0.147058824,4
0.164417178,0.308075152,0.793844436,0.622753169,0.117647059,4
0.157335289,0.146114077,0.877552612,0.66378495,0.029411765,3
0.152760736,0.384388868,0.601522944,0.624739623,0.088235294,4
0.220858896,0.273568081,0.99222581,0.467147646,0,7
0.342407975,0.375568551,0.845100932,0.579865087,0.147058824,5
0.361030164,0.44834308,0.700507648,0.580837621,0.058823529,2
0.381595092,0.363817345,0.740900211,0.457546454,0.058823529,5
0.383435583,0.470656547,0.766415501,0.462181512,0.029411765,3
0.46315184,0.711500975,0.742979973,0.367528383,0.029411765,3
0.437530008,0.566488685,0.761867123,0.526784434,0.088235294,5
0.399386503,0.30873875,0.947255113,0.581037646,0,3
0.340997599,0.11424697,0.75176501,0.777106363,0.088235294,3
0.230674847,0.107862248,0.744853752,0.862224276,0.117647059,2
0.170552147,0.085769981,0.821592314,0.805837966,0.117647059,2
0.185542811,0.052546826,0.699299196,0.723997522,0.058823529,2
0.184915978,0.110856852,0.902970832,0.768311269,0.029411765,7
0.325766871,0.388370453,0.859865247,0.79358817,0.029411765,3
0.379754601,0.267595703,0.871347128,0.826364652,0.029411765,6
0.367638037,0.458739441,0.754222647,0.802251314,0.029411765,5
0.317818678,0.311717566,0.544255295,0.899937004,0.029411765,4
0.291947853,0.162443145,0.737358636,0.931598405,0.088235294,3
0.280534254,0.263157895,0.785452298,0.905664151,0.029411765,3
0.329447853,0.41889594,0.905154886,0.8392766,0,6
0.300880235,0.196287821,0.838121784,0.841716483,0,3
0.347213701,0.28460039,0.897254449,0.785069871,0.029411765,6
0.357922113,0.807865073,0.673880976,0.629957662,0.029411765,6
0.287730061,0.419559537,0.627995056,0.648577065,0.117647059,5
0.242944785,0.125585832,0.687955986,0.733001338,0.058823529,4
0.327207255,0.373251971,0.900363836,0.710466607,0.058823529,6
0.357808143,0.509657983,0.839706719,0.621300951,0,3
0.413933197,0.699848386,0.850722269,0.453522046,0.058823529,3
0.336609763,0.494618188,0.726020915,0.551140082,0.058823529,4
0.323312883,0.42155033,0.765777618,0.605537239,0.058823529,3
0.325953588,0.577337062,0.719177548,0.44390758,0.029411765,3
0.26972137,0.454191033,0.825738548,0.402539626,0.058823529,6
0.15420112,0.140011865,0.944031034,0.597483466,0.117647059,7
0.109815951,0.216498694,0.803731611,0.537666745,0.176470588,2
0.085192415,0.117667907,0.690485769,0.570021859,0.147058824,4
0.082898773,0.046783626,0.708315061,0.645349078,0.176470588,2
0.110094813,0.32748538,0.774294796,0.399916729,0.029411765,7
0.12647797,0.228956229,0.768162428,0.304431522,0.058823529,5
0.153783231,0.095473251,0.802753525,0.47738156,0.058823529,5
0.1704988,0.28171879,0.964561135,0.519342431,0.029411765,7
0.349216087,0.47251462,0.92667278,0.386092986,0.058823529,6
0.323585549,0.623608404,0.823406734,0.116030956,0.029411765,6
0.257668712,0.7248144,0.798947494,0.28174532,0.088235294,5
0.202453988,0.310065945,0.694015867,0.347629361,0.147058824,4
0.171752467,0.236969235,0.821502178,0.207793111,0.058823529,6
0.210429448,0.156774916,0.89781924,0.122497965,0.058823529,6
0.226380368,0.215171498,0.916636766,0.295650495,0.058823529,7
0.249023982,0.233918129,0.750787386,0.629788525,0.088235294,5
0.219141104,0.53697206,0.747456223,0.682435061,0.058823529,5
0.261389704,0.268836342,0.818569306,0.714864154,0.058823529,3
0.293985063,0.370539876,0.815636435,0.628942843,0.058823529,6
0.386380368,0.679748755,0.691992363,0.436924124,0.029411765,3
0.401878834,0.708252112,0.583396457,0.365583314,0.117647059,6
0.364190451,0.72718027,0.782397224,0.239590762,0.058823529,6
0.296207474,0.361509835,0.72557654,0.62519109,0.117647059,6
0.272724949,0.231968811,0.765465322,0.8366142,0.264705882,4
0.291411043,0.275558874,0.65478611,0.858478984,0.235294118,2
0.314257979,0.082611592,0.568627599,0.802875049,0.264705882,4
0.329087757,0.145436054,0.576118591,0.698288783,0.264705882,4
0.369720518,0.165475417,0.455646365,0.621921802,0.264705882,2
0.370914668,0.155236576,0.497316183,0.56966821,0.264705882,4
0.382995465,0.340028816,0.651721502,0.605602015,0.264705882,3
0.363563617,0.225442834,0.601210936,0.658372584,0.323529412,4
0.412298145,0.182922184,0.773014282,0.793934467,0.117647059,3
0.343504935,0.156962454,0.72993141,0.871146223,0.323529412,4
0.349365102,0.050228932,0.358949682,0.875410035,0.235294118,4
0.419900307,0.052631579,0.292960704,0.87746065,0.323529412,4
0.39365164,0.01525553,0.525608025,0.827509022,0.323529412,4
0.417791411,0.091078761,0.51764143,0.703204536,0.323529412,4
0.411544897,0.365762892,0.724213792,0.563302529,0.088235294,6
0.360429448,0.407153149,0.8237833,0.558243812,0.088235294,6
0.395705521,0.31935631,0.788103496,0.521775117,0.058823529,7
0.48404908,0.704906474,0.697205278,0.377426163,0.058823529,6
0.410889571,0.803768681,0.563409481,0.221648205,0.205882353,5
0.368238753,0.499675114,0.625244189,0.390220855,0.264705882,5
0.457055215,0.490564473,0.642666348,0.271150901,0.176470588,3
0.41809816,0.700059327,0.646833383,0.209146203,0.176470588,5
0.389864519,0.463287849,0.597762097,0.469968686,0.235294118,5
0.41218948,0.848112997,0.599656354,0.469655136,0.205882353,3
0.311656442,0.677035378,0.568672009,0.622091018,0.294117647,5
0.354342195,0.694996751,0.531929992,0.496400013,0.147058824,3
0.354601227,0.71950562,0.65191564,0.394642094,0.205882353,6
0.40180048,0.685820832,0.631517276,0.375914731,0.205882353,5
0.44442518,0.624798712,0.783048973,0.408050655,0.058823529,6
0.456223586,0.668659303,0.660179759,0.40960671,0.117647059,3
0.361630879,0.65497076,0.611815439,0.365583314,0.382352941,5
0.316564417,0.363817345,0.584300124,0.597922501,0.411764706,5
0.324539877,0.126913027,0.642666348,0.74260253,0.176470588,4
0.442544679,0.170522926,0.689197083,0.819390473,0.294117647,5
0.40797546,0.109659492,0.783638321,0.832986164,0.558823529,4
0.426993865,0.154120526,0.729418331,0.761804914,0.558823529,4
0.43006135,0.209862718,0.690826456,0.775379013,0.088235294,6
0.368711656,0.266268508,0.512219431,0.746906513,0.617647059,2
0.371085623,0.67768455,0.590131199,0.718923429,0.294117647,3
0.382208589,0.304757165,0.555276482,0.808486571,0.352941176,4
0.406083845,0.089018843,0.561223405,0.831751528,0.205882353,3
0.42334077,0.058125111,0.614853233,0.850819099,0.205882353,6
0.43382599,0.063795853,0.620644913,0.76205322,0.617647059,4
0.491437717,0.114924994,0.488132444,0.642812031,0.529411765,4
0.401173646,0.211730338,0.425564517,0.619809476,0.617647059,4
0.413893149,0.263807667,0.684892822,0.398649488,0.294117647,4
0.334969325,0.270250093,0.730056213,0.319819012,0.441176471,5
0.295092025,0.128240222,0.711238688,0.308562442,0.294117647,5
0.359509202,0.204553938,0.609496472,0.38669628,0.411764706,4
0.448608931,0.164830681,0.609600313,0.374939247,0.382352941,6
0.551533742,0.132885405,0.579516007,0.380074768,0.441176471,4
0.475766871,0.137515506,0.79609877,0.462512588,0.352941176,7
0.467618031,0.264768201,0.648136881,0.485176871,0.588235294,4
0.386380368,0.448949534,0.378363389,0.549997471,0.588235294,4
0.326580421,0.336638698,0.39330293,0.661078767,0.558823529,4
0.299236537,0.28815248,0.351047854,0.695229293,0.352941176,4
0.255828221,0.30873875,0.48606626,0.69989378,0.470588235,5
0.277687383,0.233579117,0.578073838,0.689831961,0.411764706,5
0.396304751,0.312797498,0.474688221,0.656838555,0.676470588,5
0.50797546,0.294139604,0.368058047,0.547267937,0.411764706,4
0.495705521,0.120277052,0.639476937,0.621759943,0.294117647,3
0.577357683,0.296840292,0.368362154,0.666247261,0.705882353,3
0.642685753,0.26943903,0.157840414,0.717014066,0.676470588,4
0.660736196,0.178673634,0.166168321,0.732670263,0.705882353,4
0.644785276,0.14217577,0.146075031,0.615138431,0.705882353,4
0.650026674,0.251207729,0.164538948,0.425979117,0.588235294,4
0.59591002,0.363006281,0.268101902,0.27889807,0.5,4
0.608028808,0.435630138,0.543857003,0.27578596,0.617647059,4
0.476393705,0.339350792,0.744595768,0.375914731,0.235294118,4
0.508588957,0.283522044,0.507754256,0.493633692,0.617647059,5
0.469213608,0.510366826,0.490502441,0.490450852,0.441176471,5
0.39599182,0.222308859,0.735464037,0.579043835,0.235294118,6
0.421859162,0.112212899,0.652699126,0.68611096,0.5,5
0.476687117,0.189291195,0.670414225,0.669765902,0.294117647,6
0.46263122,0.137058696,0.594222736,0.587342797,0.647058824,3
0.429952284,0.221615768,0.80675092,0.497437383,0.294117647,7
0.424366498,0.211204339,0.60642493,0.510885609,0.323529412,5
0.342407975,0.416504224,0.637423753,0.508545888,0.676470588,4
0.370552147,0.372444113,0.51477096,0.640962326,0.588235294,5
0.377353961,0.292567167,0.513550664,0.638414484,0.294117647,5
0.418418541,0.114879792,0.413673714,0.566595393,0.5,4
0.451137526,0.333983106,0.690201863,0.308527955,0.264705882,6
0.47388637,0.235613188,0.693759328,0.271388412,0.382352941,5
0.471165644,0.203226743,0.728780449,0.440661599,0.411764706,4
0.480368098,0.373771308,0.556233305,0.553889448,0.705882353,5
0.442126789,0.265107212,0.421939162,0.832075706,0.676470588,5
0.460122699,0.290158019,0.348602639,0.906484943,0.852941176,4
0.475766871,0.340480832,0.335433029,0.822998717,0.852941176,4
0.513496933,0.251005765,0.246541482,0.711481425,0.882352941,4
0.519018405,0.264925881,0.291667942,0.578312047,0.735294118,4
0.482208589,0.227116254,0.650001993,0.426425349,0.235294118,3
0.571881391,0.064977258,0.58495794,0.398325309,0.5,4
0.562269939,0.308839732,0.745573392,0.407035836,0.558823529,3
0.502720726,0.385456395,0.867776374,0.452702674,0.117647059,3
0.50279908,0.608836907,0.73610945,0.547447269,0.558823529,4
0.565273517,0.20402859,0.449421255,0.614876329,0.705882353,5
0.603067485,0.150802538,0.383367221,0.583355175,0.676470588,4
0.63006135,0.256314545,0.317984292,0.54925439,0.911764706,2
0.544171779,0.111650284,0.616832117,0.581699797,0.558823529,5
0.587730061,0.391024843,0.635649643,0.525748024,0.588235294,5
0.589850627,0.287142978,0.544834627,0.45811504,0.441176471,4
0.511496399,0.250529706,0.729279661,0.463527406,0.411764706,3
0.529747468,0.161204044,0.524190849,0.620651224,0.588235294,5
0.643558282,0.446767036,0.595782004,0.650563518,0.441176471,5
0.704639571,0.089668616,0.536551981,0.633678664,0.794117647,4
0.812768405,0.295646524,0.436304801,0.50822171,0.764705882,4
0.675204499,0.24431449,0.527807679,0.514381096,0.352941176,3
0.663803681,0.255650948,0.652553522,0.434371163,0.470588235,4
0.60732362,0.253411306,0.822303286,0.416155109,0.235294118,5
0.546599093,0.369183829,0.650743878,0.481117596,0.529411765,5
0.564072086,0.484080572,0.631802416,0.436254156,0.441176471,3
0.57908998,0.869395712,0.442863028,0.527672401,0.647058824,5
0.585889571,0.148148148,0.458956265,0.642286629,0.294117647,4
0.634956544,0.14619883,0.619310556,0.504007394,0.441176471,5
0.586939332,0.191119775,0.530597527,0.491213162,0.529411765,5
0.568277096,0.168940871,0.749225903,0.452138886,0.441176471,6
0.558508936,0.395626748,0.682353716,0.469954591,0.588235294,4
0.638560838,0.214424951,0.654600061,0.509518423,0.735294118,4
0.609125767,0.185834958,0.786389188,0.51891959,0.588235294,5
0.642165133,0.262508122,0.59026698,0.604826806,0.588235294,5
0.710829555,0.124417324,0.493672312,0.606278561,0.764705882,5
0.783333333,0.068226121,0.440989249,0.523782263,0.735294118,2
0.71333689,0.221374693,0.683983089,0.422258115,0.470588235,2
0.647571575,0.361273554,0.641795904,0.496875474,0.529411765,4
0.606722904,0.268356075,0.472531196,0.606123519,0.823529412,5
0.663190184,0.183495776,0.466306086,0.631258133,0.735294118,2
0.794825287,0.220018646,0.475097459,0.575157456,0.588235294,2
0.866257669,0.181328025,0.502013316,0.570774303,0.647058824,4
0.905774873,0.270870413,0.492042939,0.561964814,0.705882353,4
0.742484663,0.326067694,0.68094653,0.686726001,0.823529412,4
0.691411043,0.402969599,0.528485428,0.735981018,0.882352941,4
0.704294479,0.285512836,0.460869912,0.690292588,0.852941176,4
0.840783603,0.176501861,0.300058352,0.57921673,0.852941176,4
0.802347293,0.329858463,0.435340756,0.532873346,0.794117647,4
0.69202454,0.422213927,0.481282143,0.598584652,0.794117647,5
0.682822086,0.231761437,0.429294741,0.661820088,0.617647059,2
0.632515337,0.330637468,0.428656859,0.699562704,0.705882353,4
0.626117441,0.167455676,0.392806359,0.689622554,0.764705882,2
0.727466769,0.258609487,0.38540047,0.588942076,0.705882353,4
0.681211656,0.270955166,0.559037329,0.502062325,0.5,4
0.627147239,0.243133085,0.452686173,0.549510221,0.647058824,5
0.585889571,0.310729543,0.450025914,0.622422094,0.441176471,5
0.599113838,0.126662335,0.447984691,0.641286045,0.5,4
0.645248807,0.083690708,0.47130283,0.6115481,0.352941176,3
0.725985003,0.240329218,0.470636598,0.509540035,0.676470588,4
0.673402352,0.354775828,0.610566253,0.50465575,0.588235294,5
0.650653508,0.399016866,0.676162098,0.598498284,0.352941176,5
0.619018405,0.274895276,0.594506239,0.629043605,0.382352941,3
0.5875,0.179987005,0.631177823,0.626870922,0.264705882,3
0.63190184,0.108995894,0.526252841,0.606861541,0.588235294,3
0.675204499,0.030539311,0.569655411,0.542908775,0.588235294,4
0.698919712,0.282396813,0.528866771,0.485853416,0.294117647,5
0.734074642,0.226120858,0.463162301,0.512111848,0.5,5
0.764737263,0.344774981,0.468905841,0.472660774,0.617647059,5
0.712083222,0.23222307,0.52951852,0.616426747,0.647058824,5
0.77607362,0.221143876,0.42323486,0.663806542,0.764705882,4
0.885089357,0.11424697,0.359737844,0.608984744,0.794117647,4
0.96093625,0.20374608,0.281527936,0.519004158,0.705882353,4
1,0.229107047,0.296615237,0.508863169,0.676470588,2
0.942563054,0.369937189,0.308408971,0.444185715,0.617647059,4
0.728722811,0.328903066,0.799505641,0.366673731,0.088235294,3
0.660682849,0.346809052,0.897430964,0.375238185,0.411764706,3
0.707695385,0.105432664,0.513224789,0.476381776,0.441176471,4
0.76058623,0.327658653,0.40068218,0.47738156,0.617647059,4
0.697150648,0.254884124,0.563576039,0.565903813,0.441176471,5
0.688890371,0.421391643,0.708423686,0.559258631,0.647058824,5
0.687539196,0.118345246,0.671172596,0.591146487,0.205882353,6
0.729378137,0.071593124,0.588961013,0.546327381,0.5,4
0.769556919,0.303400476,0.486626179,0.47703577,0.5,4
0.729447853,0.339264236,0.426743213,0.463174739,0.5,4
0.734355828,0.420223135,0.402184747,0.428411803,0.617647059,5
0.723366231,0.269514366,0.49139119,0.479764504,0.617647059,5
0.749052488,0.295083387,0.740127665,0.407531969,0.323529412,6
0.759905419,0.719298246,0.407885819,0.452463064,0.617647059,4
0.680610941,0.377517869,0.45254422,0.529941648,0.382352941,4
0.625153374,0.264941313,0.651596699,0.534687065,0.323529412,3
0.571444506,0.276448698,0.723532418,0.57921673,0.411764706,5
0.601133636,0.249851682,0.696692199,0.558582085,0.352941176,5
0.668596626,0.460038986,0.67614852,0.4816391,0.382352941,4
0.673442399,0.290231752,0.594222736,0.538932189,0.411764706,5
0.676353694,0.367827782,0.791195839,0.422596388,0.147058824,3
0.644185722,0.279992912,0.720806921,0.414062686,0.441176471,6
0.639997333,0.434274091,0.494324062,0.544036351,0.441176471,4
0.633700502,0.324650009,0.51877947,0.659141386,0.647058824,4
0.617055215,0.052501624,0.513275481,0.730499878,0.647058824,4
0.655668178,0.104076617,0.494324062,0.702348058,0.705882353,4
0.687636703,0.066785321,0.523001028,0.694906054,0.647058824,4
0.765644172,0.083779188,0.451301678,0.618780262,0.647058824,4
0.817614179,0.017153996,0.369036133,0.593221227,0.588235294,2
0.857982277,0.056660169,0.436658737,0.581810156,0.558823529,4
0.895092025,0.045290531,0.395805924,0.531707384,0.558823529,4
0.823312883,0.274231678,0.482876849,0.521775117,0.470588235,4
0.706441718,0.2532418,0.616527043,0.604587196,0.588235294,5
0.667484663,0.114304674,0.533907427,0.656522879,0.647058824,4
0.647852761,0.305420762,0.494358729,0.54925439,0.5,4
0.611929107,0.186268139,0.427997714,0.666874509,0.5,4
0.633074301,0.30617284,0.589225992,0.670678199,0.235294118,3
0.613330777,0.343079922,0.704567503,0.562035287,0.264705882,6
0.537039877,0.367121507,0.724554479,0.633678664,0.235294118,6
0.540490798,0.318029115,0.547302954,0.667448373,0.5,4
0.570920245,0.283993935,0.696489433,0.605323879,0.294117647,5
0.567484663,0.261623325,0.497229199,0.619111338,0.588235294,4
0.524539877,0.087097176,0.561336363,0.553889448,0.470588235,4
0.540490798,0.075816018,0.569628832,0.5830241,0.441176471,4
0.581074953,0.297313332,0.80260145,0.64145894,0.117647059,3
0.709718349,0.379939748,0.631546901,0.727395627,0.441176471,4
0.680490798,0.291617934,0.642857712,0.805190529,0.352941176,5
0.604920757,0.10331384,0.521561748,0.804520561,0.323529412,4
0.586517011,0.144603934,0.577377652,0.683189512,0.235294118,4
0.61573364,0.155295647,0.741418491,0.629140169,0.735294118,6
0.571881391,0.254061079,0.498764103,0.662854699,0.411764706,5
0.505521472,0.107668699,0.5205119,0.732008111,0.264705882,2
0.526066803,0.103097249,0.530597527,0.779602066,0.352941176,5
0.535316084,0.196965845,0.405360291,0.719526976,0.470588235,4
0.601917178,0.276153346,0.309200122,0.565277069,0.5,2
0.673402352,0.263807667,0.479714016,0.431391483,0.264705882,4
0.633128834,0.25498735,0.675517283,0.510518547,0.382352941,5
0.592638037,0.332628261,0.744089622,0.433046861,0.088235294,3
0.583435583,0.389697648,0.833712076,0.382061221,0.147058824,3
0.61492398,0.409865243,0.865169377,0.412109929,0.088235294,6
0.591411043,0.410269172,0.757166208,0.430729332,0.294117647,5
0.585697853,0.539311241,0.729238927,0.468996151,0.235294118,5
0.605521472,0.627265563,0.715703863,0.323129768,0.176470588,3
0.594478528,0.511799594,0.621297293,0.449931716,0.205882353,5
0.602517894,0.363872645,0.835732036,0.325061042,0.147058824,6
0.473619632,0.352536187,0.698162102,0.484694652,0.264705882,5
0.453374233,0.227779852,0.730056213,0.588652384,0.117647059,4
0.47791411,0.398324416,0.844237133,0.395966396,0.088235294,6
0.4349182,0.214424951,0.78888756,0.532210895,0.205882353,3
0.463230195,0.304093567,0.858977759,0.472322501,0.088235294,6
0.451137526,0.196881092,0.866961687,0.547447269,0.088235294,3
0.541845603,0.382066277,0.805751571,0.433012374,0.176470588,5
0.495705521,0.47530173,0.747916916,0.411195873,0.176470588,3
0.515337423,0.463356974,0.613323765,0.489660785,0.294117647,5
0.567075665,0.579597141,0.678959189,0.487798485,0.058823529,6
0.612883436,0.414250757,0.673603636,0.446289884,0.147058824,5
0.660787321,0.401559454,0.730800409,0.42490792,0.205882353,4
0.609726483,0.200779727,0.804814682,0.45149053,0.235294118,4
0.5875,0.232618583,0.746415235,0.399622022,0.147058824,5
0.517816973,0.399610136,0.863214129,0.421017782,0.205882353,3
0.534746235,0.292043239,0.783834035,0.439525408,0.205882353,3
0.525153374,0.469992949,0.65478611,0.38669628,0,3
0.508989064,0.306127638,0.73058316,0.371178911,0.147058824,4
0.451738241,0.077322937,0.885387181,0.433336552,0.058823529,3
0.490810883,0.251207729,0.863540004,0.532873346,0.058823529,6
0.518391571,0.179337232,0.809444817,0.660740494,0.235294118,6
0.523824131,0.176738142,0.816681949,0.535452677,0.205882353,2
0.579690695,0.383365822,0.699570758,0.420045247,0.235294118,4
0.541584423,0.5007204,0.728627912,0.564332724,0.147058824,3
0.630751534,0.582196231,0.552791399,0.504007394,0.205882353,2
0.448403656,0.343557306,0.640349143,0.61938836,0.205882353,5
0.372225321,0.035442141,0.727279976,0.673287342,0.117647059,4
0.377980795,0.186117468,0.655957872,0.692199871,0.176470588,4
0.296319018,0.252996558,0.757166208,0.710488199,0.147058824,4
0.401878834,0.244964263,0.913181571,0.379522975,0.058823529,7
0.538241309,0.608187135,0.671151776,0.124718931,0.117647059,3
0.457417736,0.242424242,0.8877436,0.057938227,0.058823529,6
0.453485778,0.296296296,0.795417396,0.110985564,0.176470588,5
0.416217658,0.18476142,0.776205606,0.239590762,0.147058824,5
0.410889571,0.089018843,0.811685205,0.338676525,0.117647059,5
0.367951454,0.314263921,0.808141319,0.258872316,0.088235294,4
0.312972904,0.128005198,0.781392444,0.388924142,0.205882353,5
0.317177914,0.306747957,0.796714907,0.42410782,0.147058824,4
0.281821502,0.54851248,0.79843491,0.341076117,0.029411765,6
0.304294479,0.475965327,0.734521389,0.305913838,0.205882353,4
0.338803681,0.345679012,0.811685205,0.299450966,0.088235294,4
0.297546012,0.324665091,0.794482319,0.299954477,0.088235294,5
0.263113497,0.268356075,0.786389188,0.318577479,0.058823529,6
0.252460804,0.105176522,0.762446456,0.423438312,0.117647059,6
0.257106339,0.10331384,0.809186833,0.474831358,0.088235294,2
0.326789366,0.292397661,0.759843985,0.455704846,0,7
0.287142127,0.232618583,0.681145264,0.565277069,0.176470588,4
